ID,nest,year,first_egg,start_expo,last_ok,last_control,end_expo,first_egg_day,start_expo_day,last_ok_day,last_control_day,end_expo_day,fatecode,logger_fate,temperature
1,31_2018,2018.00,28.2.2018 14:23:59,19.3.2018 11:54:00,29.3.2018 08:02:00,22.4.2018 13:32:00,30.3.2018 14:23:59,59,78,88,112,89,1.00,no,NA
2,32_2018,2018.00,1.3.2018 00:00:00,19.3.2018 12:40:00,19.3.2018 12:40:00,12.4.2018 13:11:00,31.3.2018 00:00:00,60,78,78,102,90,1.00,no,NA
3,4_2018,2018.00,1.3.2018 02:09:36,14.3.2018 15:40:00,29.3.2018 10:31:00,10.4.2018 09:55:00,31.3.2018 02:09:36,60,73,88,100,90,1.00,no,NA
4,23_2018,2018.00,1.3.2018 09:21:36,17.3.2018 14:00:00,29.3.2018 07:34:00,5.4.2018 10:50:00,31.3.2018 09:21:36,60,76,88,95,90,1.00,no,NA
5,10_2018,2018.00,1.3.2018 11:16:48,14.3.2018 12:00:00,29.3.2018 07:00:00,5.4.2018 09:20:00,31.3.2018 11:16:48,60,73,88,95,90,1.00,no,NA
6,29_2018,2018.00,1.3.2018 16:04:47,18.3.2018 13:33:00,29.3.2018 12:07:00,10.4.2018 11:37:00,31.3.2018 16:04:47,60,77,88,100,90,1.00,no,NA
7,7_2018,2018.00,11.3.2018 00:00:00,15.3.2018 14:55:00,22.3.2018 07:50:00,10.4.2018 09:28:00,31.3.2018 20:39:00,70,74,81,100,90,1.00,no,NA
8,12_2018,2018.00,4.3.2018 20:16:48,16.3.2018 10:25:00,22.3.2018 08:20:00,12.4.2018 11:50:00,1.4.2018 22:05:00,63,75,81,102,91,1.00,no,NA
9,48_2018,2018.00,3.3.2018 09:46:48,23.3.2018 14:11:00,28.3.2018 07:24:00,22.4.2018 15:25:00,2.4.2018 09:46:48,62,82,87,112,92,1.00,no,NA
10,38_2018,2018.00,9.3.2018 20:16:48,21.3.2018 10:49:00,29.3.2018 11:07:00,8.4.2018 14:25:00,3.4.2018 12:46:00,68,80,88,98,93,1.00,no,NA
11,8_2018,2018.00,6.3.2018 14:52:48,15.3.2018 16:16:00,29.3.2018 12:26:00,10.4.2018 13:35:00,4.4.2018 13:00:30,65,74,88,100,94,1.00,no,NA
12,11_2018,2018.00,10.3.2018 12:21:36,16.3.2018 08:45:00,29.3.2018 16:00:00,12.4.2018 10:10:00,5.4.2018 13:05:00,69,75,88,102,95,1.00,no,NA
13,20_2018,2018.00,8.3.2018 16:19:12,17.3.2018 07:40:00,29.3.2018 12:42:00,12.4.2018 14:18:00,5.4.2018 13:30:00,67,76,88,102,95,1.00,no,NA
14,56_2018,2018.00,21.3.2018 09:07:12,27.3.2018 16:42:00,29.3.2018 08:22:00,16.4.2018 09:06:00,7.4.2018 08:44:00,80,86,88,106,97,2.00,no,NA
15,65_2018,2018.00,29.3.2018 00:00:00,2.4.2018 12:00:00,2.4.2018 12:00:00,12.4.2018 14:08:00,7.4.2018 13:04:00,88,92,92,102,97,2.00,no,NA
16,64_2018,2018.00,8.3.2018 18:00:00,2.4.2018 07:55:00,2.4.2018 07:55:00,20.5.2018 12:05:00,7.4.2018 18:00:00,67,92,92,140,97,1.00,no,NA
17,27_2018,2018.00,18.3.2018 11:07:00,18.3.2018 11:07:00,26.3.2018 13:13:00,24.4.2018 14:20:00,10.4.2018 01:46:30,77,77,85,114,100,1.00,no,NA
18,60_2018,2018.00,25.3.2018 00:00:00,28.3.2018 13:53:00,28.3.2018 13:53:00,24.4.2018 16:06:00,11.4.2018 02:59:30,84,87,87,114,101,1.00,no,NA
19,41_2018,2018.00,16.3.2018 11:02:24,21.3.2018 16:03:00,12.4.2018 08:09:00,12.4.2018 08:09:00,12.4.2018 08:09:00,75,80,102,102,102,5.00,no,NA
20,74_2018,2018.00,,8.4.2018 17:15:00,8.4.2018 17:15:00,16.4.2018 12:50:00,12.4.2018 15:02:30,,98,98,106,102,0.00,no,NA
21,46_2018,2018.00,14.3.2018 22:48:00,23.3.2018 11:40:00,10.4.2018 09:23:00,30.4.2018 11:22:00,13.4.2018 22:48:00,73,82,100,120,103,1.00,no,NA
22,66_2018,2018.00,14.3.2018 23:45:36,5.4.2018 08:43:00,5.4.2018 08:43:00,8.5.2018 08:01:00,13.4.2018 23:45:36,73,95,95,128,103,1.00,no,NA
23,50_2018,2018.00,17.3.2018 02:02:24,25.3.2018 15:25:00,16.4.2018 09:44:00,22.4.2018 11:32:00,16.4.2018 09:44:00,76,84,106,112,106,1.00,no,NA
24,47_2018,2018.00,18.3.2018 17:31:12,23.3.2018 13:40:00,16.4.2018 12:00:00,22.4.2018 14:11:00,17.4.2018 17:31:12,77,82,106,112,107,1.00,no,NA
25,39_2018,2018.00,20.3.2018 06:43:12,21.3.2018 11:20:00,16.4.2018 12:57:00,6.5.2018 11:05:00,19.4.2018 06:43:12,79,80,106,126,109,1.00,no,NA
26,69_2018,2018.00,23.3.2018 00:00:00,8.4.2018 12:10:00,8.4.2018 12:10:00,6.5.2018 10:00:00,22.4.2018 00:00:00,82,98,98,126,112,1.00,no,NA
27,75_2018,2018.00,28.3.2018 07:01:12,10.4.2018 12:42:00,10.4.2018 12:42:00,6.5.2018 11:42:00,23.4.2018 12:12:00,87,100,100,126,113,1.00,no,NA
28,72_2018,2018.00,,8.4.2018 15:51:00,8.4.2018 15:51:00,8.5.2018 14:25:00,23.4.2018 15:08:00,,98,98,128,113,0.00,no,NA
29,71_2018,2018.00,25.3.2018 00:00:00,8.4.2018 15:29:00,8.4.2018 15:29:00,10.5.2018 12:45:00,24.4.2018 00:00:00,84,98,98,130,114,1.00,no,NA
30,78_2018,2018.00,30.3.2018 02:09:36,12.4.2018 10:55:00,18.4.2018 13:15:00,29.4.2018 11:40:00,24.4.2018 00:27:30,89,102,108,119,114,1.00,no,NA
31,77_2018,2018.00,25.3.2018 00:39:36,12.4.2018 09:00:00,12.4.2018 09:00:00,8.5.2018 07:51:00,24.4.2018 00:39:36,84,102,102,128,114,1.00,no,NA
32,94_2018,2018.00,24.4.2018 00:00:00,24.4.2018 12:54:00,24.4.2018 12:54:00,24.4.2018 12:54:00,24.4.2018 12:54:00,114,114,114,114,114,1.00,no,NA
33,99_2018,2018.00,20.4.2018 00:00:00,24.4.2018 17:59:00,24.4.2018 17:59:00,24.4.2018 17:59:00,24.4.2018 17:59:00,110,114,114,114,114,5.00,no,NA
34,76_2018,2018.00,27.3.2018 19:04:47,12.4.2018 08:36:00,12.4.2018 08:36:00,8.5.2018 07:37:00,25.4.2018 08:06:30,86,102,102,128,115,1.00,no,NA
35,59_2018,2018.00,27.3.2018 05:45:36,28.3.2018 10:36:00,26.4.2018 11:28:00,29.4.2018 11:03:00,26.4.2018 11:28:00,86,87,116,119,116,1.00,no,NA
36,58_2018,2018.00,25.3.2018 06:48:00,28.3.2018 08:56:00,26.4.2018 11:54:00,29.4.2018 11:18:00,26.4.2018 11:54:00,84,87,116,119,116,1.00,no,NA
37,73_2018,2018.00,6.4.2018 00:00:00,8.4.2018 16:28:00,8.4.2018 16:28:00,14.5.2018 12:24:00,26.4.2018 14:26:00,96,98,98,134,116,1.00,no,NA
38,68_2018,2018.00,28.3.2018 00:00:00,8.4.2018 11:30:00,18.4.2018 15:03:00,6.5.2018 08:07:00,27.4.2018 00:00:00,87,98,108,126,117,1.00,no,NA
39,67_2018,2018.00,5.4.2018 00:00:00,5.4.2018 12:33:00,18.4.2018 10:30:00,6.5.2018 09:49:00,27.4.2018 10:09:30,95,95,108,126,117,1.00,no,NA
40,82_2018,2018.00,12.4.2018 00:00:00,16.4.2018 14:53:00,18.4.2018 11:30:00,8.5.2018 09:38:00,28.4.2018 10:34:00,102,106,108,128,118,1.00,no,NA
41,79_2018,2018.00,7.4.2018 04:33:36,12.4.2018 12:30:00,18.4.2018 12:15:00,8.5.2018 08:56:00,28.4.2018 10:35:30,97,102,108,128,118,1.00,no,NA
42,103_2018,2018.00,6.4.2018 21:07:12,26.4.2018 11:00:00,26.4.2018 11:00:00,30.4.2018 10:30:00,28.4.2018 10:45:00,96,116,116,120,118,0.00,no,NA
43,104_2018,2018.00,25.4.2018 00:00:00,29.4.2018 13:17:00,29.4.2018 13:17:00,29.4.2018 13:17:00,29.4.2018 13:17:00,115,119,119,119,119,5.00,no,NA
44,88_2018,2018.00,17.4.2018 17:31:12,22.4.2018 17:05:00,22.4.2018 17:05:00,6.5.2018 11:15:00,29.4.2018 14:10:00,107,112,112,126,119,0.00,no,NA
45,90_2018,2018.00,31.3.2018 09:07:12,24.4.2018 10:20:00,24.4.2018 10:20:00,8.5.2018 07:32:00,30.4.2018 09:07:12,90,114,114,128,120,1.00,no,NA
46,42_2018,2018.00,9.3.2018 16:44:24,22.3.2018 12:02:00,30.4.2018 12:19:00,6.5.2018 11:27:00,30.4.2018 12:19:00,68,81,120,126,120,1.00,no,NA
47,101_2018,2018.00,19.4.2018 11:02:24,24.4.2018 18:28:00,24.4.2018 18:28:00,6.5.2018 13:05:00,30.4.2018 15:46:30,109,114,114,126,120,0.00,no,NA
48,102_2018,2018.00,18.4.2018 22:04:47,24.4.2018 18:46:00,24.4.2018 18:46:00,6.5.2018 13:15:00,30.4.2018 16:00:30,108,114,114,126,120,0.00,no,NA
49,92_2018,2018.00,3.4.2018 22:26:24,24.4.2018 11:54:00,24.4.2018 11:54:00,8.5.2018 08:20:00,1.5.2018 10:07:00,93,114,114,128,121,2.00,no,NA
50,95_2018,2018.00,2.4.2018 00:00:00,24.4.2018 14:52:00,24.4.2018 14:52:00,8.5.2018 11:55:00,1.5.2018 13:23:30,92,114,114,128,121,1.00,no,NA
51,87_2018,2018.00,8.4.2018 06:43:12,22.4.2018 16:48:00,22.4.2018 16:48:00,10.5.2018 11:45:00,1.5.2018 14:16:30,98,112,112,130,121,1.00,no,NA
52,81_2018,2018.00,2.4.2018 00:14:23,16.4.2018 11:17:00,29.4.2018 12:43:00,6.5.2018 09:25:00,2.5.2018 00:14:23,92,106,119,126,122,1.00,no,NA
53,84_2018,2018.00,6.4.2018 22:19:12,22.4.2018 13:05:00,29.4.2018 14:13:00,6.5.2018 08:50:00,2.5.2018 23:31:30,96,112,119,126,122,1.00,no,NA
54,108_2018,2018.00,24.4.2018 12:21:36,30.4.2018 13:02:00,30.4.2018 13:02:00,10.5.2018 12:40:00,5.5.2018 12:51:00,114,120,120,130,125,0.00,no,NA
55,70_2018,2018.00,7.4.2018 00:00:00,8.4.2018 14:00:00,30.4.2018 11:15:00,14.5.2018 09:45:00,7.5.2018 00:00:00,97,98,120,134,127,1.00,no,NA
56,100_2018,2018.00,11.4.2018 02:09:36,24.4.2018 18:12:00,24.4.2018 18:12:00,20.5.2018 12:18:00,7.5.2018 15:15:00,101,114,114,140,127,1.00,no,NA
57,96_2018,2018.00,17.4.2018 10:26:23,24.4.2018 15:17:00,24.4.2018 15:17:00,22.5.2018 08:53:00,8.5.2018 12:05:00,107,114,114,142,128,1.00,no,NA
58,97_2018,2018.00,11.4.2018 02:09:36,24.4.2018 15:53:00,24.4.2018 15:53:00,22.5.2018 09:13:00,8.5.2018 12:33:00,101,114,114,142,128,1.00,no,NA
59,86_2018,2018.00,9.4.2018 02:09:36,22.4.2018 15:50:00,8.5.2018 10:20:00,14.5.2018 09:32:00,9.5.2018 02:09:36,99,112,128,134,129,1.00,no,NA
60,106_2018,2018.00,10.4.2018 09:46:48,30.4.2018 11:30:00,30.4.2018 11:30:00,24.5.2018 12:44:00,10.5.2018 09:46:48,100,120,120,144,130,1.00,no,NA
61,80_2018,2018.00,11.4.2018 00:00:00,12.4.2018 12:55:00,8.5.2018 09:20:00,14.5.2018 09:10:00,11.5.2018 00:00:00,101,102,128,134,131,1.00,no,NA
62,116_2018,2018.00,4.5.2018 00:00:00,8.5.2018 13:44:00,8.5.2018 13:44:00,14.5.2018 11:10:00,11.5.2018 12:27:00,124,128,128,134,131,2.00,no,NA
63,110_2018,2018.00,12.4.2018 03:07:12,8.5.2018 09:45:00,8.5.2018 09:45:00,16.5.2018 10:00:00,12.5.2018 03:07:12,102,128,128,136,132,1.00,no,NA
64,123_2018,2018.00,14.4.2018 03:07:12,10.5.2018 10:21:00,10.5.2018 10:21:00,4.6.2018 13:38:00,14.5.2018 03:07:12,104,130,130,155,134,1.00,no,NA
65,126_2018,2018.00,14.4.2018 03:07:12,10.5.2018 13:00:00,10.5.2018 13:00:00,20.5.2018 12:15:00,14.5.2018 03:07:12,104,130,130,140,134,1.00,no,NA
66,91_2018,2018.00,11.4.2018 11:52:48,24.4.2018 10:37:00,14.5.2018 15:42:00,24.5.2018 11:22:00,14.5.2018 15:42:00,101,114,134,144,134,1.00,no,NA
67,93_2018,2018.00,19.4.2018 11:02:24,24.4.2018 12:28:00,8.5.2018 08:25:00,24.5.2018 11:10:00,16.5.2018 09:47:30,109,114,128,144,136,1.00,no,NA
68,111_2018,2018.00,19.4.2018 05:13:12,8.5.2018 11:15:00,8.5.2018 11:15:00,24.5.2018 13:00:00,16.5.2018 12:07:30,109,128,128,144,136,1.00,no,NA
69,89_2018,2018.00,17.4.2018 04:33:36,22.4.2018 17:30:00,16.5.2018 11:28:00,20.5.2018 11:50:00,17.5.2018 04:33:36,107,112,136,140,137,1.00,no,NA
70,85_2018,2018.00,17.4.2018 15:21:36,22.4.2018 13:20:00,14.5.2018 08:53:00,20.5.2018 10:41:00,17.5.2018 09:47:00,107,112,134,140,137,1.00,no,NA
71,107_2018,2018.00,30.4.2018 12:49:00,30.4.2018 12:49:00,16.5.2018 11:43:00,22.5.2018 10:53:00,19.5.2018 11:18:00,120,120,136,142,139,0.00,no,NA
72,124_2018,2018.00,30.4.2018 01:26:24,10.5.2018 11:10:00,10.5.2018 11:10:00,28.5.2018 13:40:00,19.5.2018 12:25:00,120,130,130,148,139,1.00,no,NA
73,98_2018,2018.00,19.4.2018 17:31:12,24.4.2018 17:35:00,14.5.2018 10:47:00,4.6.2018 10:00:00,19.5.2018 17:31:12,109,114,134,155,139,1.00,no,NA
74,83_2018,2018.00,29.3.2018 06:57:36,22.4.2018 12:20:00,20.5.2018 09:34:00,20.5.2018 09:34:00,20.5.2018 09:34:00,88,112,140,140,140,5.00,no,NA
75,138_2018,2018.00,8.5.2018 23:13:12,21.5.2018 11:28:00,21.5.2018 11:28:00,21.5.2018 11:28:00,21.5.2018 11:28:00,128,141,141,141,141,5.00,no,NA
76,1_2018,2018.00,14.3.2018 00:00:00,14.3.2018 14:45:00,14.3.2018 14:45:00,14.3.2018 14:45:00,14.3.2018 14:45:00,73,73,73,73,73,1.00,no,NA
77,18_2018,2018.00,25.2.2018 05:45:36,16.3.2018 17:15:00,16.3.2018 17:15:00,17.3.2018 02:47:59,17.3.2018 02:47:59,56,75,75,76,76,0.00,yes,14.265
78,15_2018,2018.00,15.2.2018 16:48:00,15.3.2018 12:00:00,15.3.2018 12:00:00,22.4.2018 12:42:00,17.3.2018 16:48:00,46,74,74,112,76,1.00,no,NA
79,19_2018,2018.00,17.3.2018 00:00:00,17.3.2018 07:30:00,17.3.2018 07:30:00,18.3.2018 15:09:00,17.3.2018 23:19:30,76,76,76,77,76,1.00,no,NA
80,14_2018,2018.00,10.3.2018 22:04:47,16.3.2018 13:07:00,16.3.2018 13:07:00,19.3.2018 13:26:00,18.3.2018 01:16:30,69,75,75,78,77,2.00,no,NA
81,13_2018,2018.00,2.3.2018 13:12:00,16.3.2018 11:28:00,16.3.2018 11:28:00,19.3.2018 15:39:00,18.3.2018 01:33:30,61,75,75,78,77,2.00,no,NA
82,6_2018,2018.00,4.3.2018 17:20:24,15.3.2018 14:08:00,18.3.2018 17:04:00,18.3.2018 21:23:36,18.3.2018 21:23:36,63,74,77,77,77,0.00,yes,17.136
83,35_2018,2018.00,17.2.2018 19:26:24,20.3.2018 12:22:00,20.3.2018 12:22:00,24.3.2018 09:44:00,20.3.2018 12:22:00,48,79,79,83,79,1.00,no,NA
84,36_2018,2018.00,17.2.2018 19:26:24,20.3.2018 13:09:00,20.3.2018 13:09:00,24.3.2018 09:10:00,20.3.2018 13:09:00,48,79,79,83,79,1.00,no,NA
85,3_2018,2018.00,19.2.2018 23:27:36,14.3.2018 15:20:00,14.3.2018 15:20:00,26.3.2018 11:50:00,20.3.2018 13:35:00,50,73,73,85,79,1.00,no,NA
86,22_2018,2018.00,22.2.2018 00:14:24,17.3.2018 11:04:00,17.3.2018 11:04:00,25.3.2018 14:00:00,21.3.2018 12:32:00,53,76,76,84,80,1.00,no,NA
87,37_2018,2018.00,2.3.2018 14:23:59,21.3.2018 08:12:00,21.3.2018 11:32:00,23.3.2018 08:40:00,22.3.2018 10:06:00,61,80,80,82,81,0.00,no,NA
88,40_2018,2018.00,18.2.2018 19:26:24,21.3.2018 12:23:00,23.3.2018 15:16:00,10.4.2018 13:10:00,23.3.2018 15:16:00,49,80,82,100,82,1.00,no,NA
89,43_2018,2018.00,14.3.2018 22:48:00,22.3.2018 14:38:00,23.3.2018 07:20:00,24.3.2018 07:43:00,23.3.2018 19:31:30,73,81,82,83,82,0.00,no,NA
90,9_2018,2018.00,2.3.2018 07:01:12,15.3.2018 16:50:00,20.3.2018 13:50:00,27.3.2018 10:08:00,23.3.2018 23:59:00,61,74,79,86,82,1.00,no,NA
91,17_2018,2018.00,24.2.2018 04:55:12,16.3.2018 16:25:00,22.3.2018 13:39:00,25.3.2018 11:45:00,24.3.2018 00:42:00,55,75,81,84,83,1.00,no,NA
92,30_2018,2018.00,27.2.2018 09:46:48,19.3.2018 08:31:00,21.3.2018 14:48:00,27.3.2018 17:22:00,24.3.2018 16:05:00,58,78,80,86,83,1.00,no,NA
93,5_2018,2018.00,9.3.2018 10:44:24,15.3.2018 13:15:00,22.3.2018 06:59:00,28.3.2018 06:53:00,25.3.2018 06:56:00,68,74,81,87,84,1.00,no,NA
94,44_2018,2018.00,1.3.2018 12:07:12,23.3.2018 10:10:00,24.3.2018 07:28:00,27.3.2018 14:34:00,25.3.2018 23:01:00,60,82,83,86,84,1.00,no,NA
95,28_2018,2018.00,24.2.2018 05:56:24,18.3.2018 12:33:00,24.3.2018 10:33:00,28.3.2018 15:10:00,26.3.2018 05:56:24,55,77,83,87,85,1.00,no,NA
96,51_2018,2018.00,24.2.2018 00:00:00,26.3.2018 06:55:00,26.3.2018 06:55:00,29.3.2018 15:17:00,26.3.2018 06:55:00,55,85,85,88,85,1.00,no,NA
97,49_2018,2018.00,22.3.2018 01:55:12,25.3.2018 12:58:00,25.3.2018 12:58:00,27.3.2018 09:46:00,26.3.2018 11:22:00,81,84,84,86,85,0.00,no,NA
98,21_2018,2018.00,24.2.2018 22:26:24,17.3.2018 09:36:00,20.3.2018 09:28:00,24.4.2018 14:42:00,26.3.2018 22:26:24,55,76,79,114,85,1.00,no,NA
99,45_2018,2018.00,1.3.2018 23:45:36,23.3.2018 10:29:00,25.3.2018 14:05:00,28.3.2018 11:55:00,27.3.2018 01:00:00,60,82,84,87,86,1.00,no,NA
100,2_2018,2018.00,2.3.2018 08:56:24,14.3.2018 15:00:00,27.3.2018 13:38:00,27.3.2018 13:38:00,27.3.2018 13:38:00,61,73,86,86,86,5.00,no,NA
101,24_2018,2018.00,11.3.2018 12:21:36,17.3.2018 14:39:00,19.3.2018 08:02:00,5.4.2018 10:15:00,27.3.2018 21:08:30,70,76,78,95,86,1.00,no,NA
102,34_2018,2018.00,26.2.2018 23:45:36,20.3.2018 10:44:00,26.3.2018 14:34:00,29.3.2018 10:51:00,28.3.2018 00:42:30,57,79,85,88,87,1.00,no,NA
103,57_2018,2018.00,15.3.2018 02:09:36,27.3.2018 17:00:00,28.3.2018 09:42:00,28.3.2018 09:42:00,28.3.2018 09:42:00,74,86,87,87,87,5.00,no,NA
104,52_2018,2018.00,21.3.2018 22:04:47,26.3.2018 16:06:00,27.3.2018 08:11:00,29.3.2018 13:29:00,28.3.2018 10:50:00,80,85,86,88,87,0.00,no,NA
105,61_2018,2018.00,,28.3.2018 12:00:00,28.3.2018 12:00:00,28.3.2018 12:00:00,28.3.2018 12:00:00,,87,87,87,87,5.00,no,NA
106,54_2018,2018.00,27.3.2018 00:00:00,27.3.2018 11:11:00,27.3.2018 11:11:00,29.3.2018 12:53:00,28.3.2018 12:02:00,86,86,86,88,87,0.00,no,NA
107,55_2018,2018.00,18.3.2018 11:27:36,27.3.2018 11:19:00,27.3.2018 11:19:00,29.3.2018 12:48:00,28.3.2018 12:03:30,77,86,86,88,87,0.00,no,NA
108,16_2018,2018.00,26.2.2018 18:28:48,16.3.2018 14:49:00,29.3.2018 07:49:00,5.4.2018 11:50:00,29.3.2018 07:49:00,57,75,88,95,88,2.00,no,NA
109,62_2018,2018.00,29.3.2018 00:00:00,29.3.2018 12:20:00,29.3.2018 12:20:00,29.3.2018 12:20:00,29.3.2018 12:20:00,88,88,88,88,88,5.00,no,NA
110,26_2018,2018.00,27.2.2018 10:04:47,18.3.2018 08:40:00,29.3.2018 14:39:00,10.4.2018 08:55:00,29.3.2018 14:39:00,58,77,88,100,88,1.00,no,NA
111,63_2018,2018.00,27.3.2018 03:50:24,29.3.2018 15:35:00,29.3.2018 15:35:00,29.3.2018 15:35:00,29.3.2018 15:35:00,86,88,88,88,88,5.00,no,NA
112,33_2018,2018.00,28.2.2018 10:04:47,19.3.2018 12:46:00,29.3.2018 08:12:00,12.4.2018 13:17:00,30.3.2018 10:04:47,59,78,88,102,89,1.00,no,NA
113,117_2018,2018.00,3.5.2018 15:21:36,8.5.2018 13:57:00,8.5.2018 13:57:00,4.6.2018 10:15:00,22.5.2018 00:06:00,123,128,128,155,142,1.00,no,NA
114,120_2018,2018.00,25.4.2018 07:01:12,8.5.2018 15:09:00,8.5.2018 15:09:00,4.6.2018 11:44:00,22.5.2018 01:26:30,115,128,128,155,142,1.00,no,NA
115,125_2018,2018.00,18.4.2018 02:42:00,10.5.2018 11:34:00,22.5.2018 10:28:00,31.5.2018 13:50:00,22.5.2018 10:28:00,108,130,142,151,142,1.00,no,NA
116,122_2018,2018.00,29.4.2018 17:20:24,10.5.2018 09:56:00,10.5.2018 09:56:00,4.6.2018 13:27:00,22.5.2018 23:41:30,119,130,130,155,142,1.00,no,NA
117,105_2018,2018.00,25.4.2018 00:00:00,29.4.2018 14:37:00,24.5.2018 10:38:00,28.5.2018 08:55:00,25.5.2018 00:00:00,115,119,144,148,145,1.00,no,NA
118,109_2018,2018.00,25.4.2018 04:33:36,30.4.2018 15:00:00,24.5.2018 11:01:00,31.5.2018 12:10:00,25.5.2018 04:33:36,115,120,144,151,145,1.00,no,NA
119,115_2018,2018.00,1.5.2018 20:09:36,8.5.2018 13:29:00,22.5.2018 10:56:00,28.5.2018 14:30:00,25.5.2018 12:43:00,121,128,142,148,145,1.00,no,NA
120,139_2018,2018.00,13.5.2018 08:31:12,21.5.2018 12:00:00,21.5.2018 12:00:00,4.6.2018 13:23:00,28.5.2018 12:41:30,133,141,141,155,148,2.00,no,NA
121,114_2018,2018.00,7.5.2018 08:21:36,8.5.2018 13:07:00,21.5.2018 12:15:00,4.6.2018 13:20:00,28.5.2018 12:47:30,127,128,141,155,148,1.00,no,NA
122,112_2018,2018.00,4.5.2018 00:00:00,8.5.2018 12:27:00,22.5.2018 09:33:00,4.6.2018 12:53:00,28.5.2018 23:13:00,124,128,142,155,148,1.00,no,NA
123,113_2018,2018.00,4.5.2018 00:00:00,8.5.2018 12:45:00,22.5.2018 09:45:00,4.6.2018 13:05:00,28.5.2018 23:25:00,124,128,142,155,148,1.00,no,NA
124,53_2018,2018.00,22.3.2018 11:02:24,27.3.2018 10:20:00,31.5.2018 14:29:00,4.6.2018 10:45:00,31.5.2018 14:29:00,81,86,151,155,151,2.00,no,NA
125,118_2018,2018.00,3.5.2018 17:31:12,8.5.2018 14:09:00,28.5.2018 14:48:00,4.6.2018 10:33:00,1.6.2018 00:40:30,123,128,148,155,152,1.00,no,NA
126,133_2018,2018.00,12.5.2018 00:00:00,16.5.2018 12:33:00,16.5.2018 12:33:00,18.6.2018 07:07:00,1.6.2018 21:50:00,132,136,136,169,152,1.00,no,NA
127,136_2018,2018.00,,24.5.2018 13:26:00,24.5.2018 13:26:00,11.6.2018 16:33:00,2.6.2018 14:59:30,,144,144,162,153,5.00,no,NA
128,146_2018,2018.00,3.5.2018 19:26:24,3.6.2018 09:19:00,3.6.2018 09:19:00,3.6.2018 09:19:00,3.6.2018 09:19:00,123,154,154,154,154,1.00,no,NA
129,129_2018,2018.00,3.5.2018 08:56:24,15.5.2018 10:01:00,3.6.2018 10:05:00,12.6.2018 10:43:00,3.6.2018 10:05:00,123,135,154,163,154,1.00,no,NA
130,135_2018,2018.00,7.5.2018 08:38:24,20.5.2018 10:18:00,3.6.2018 10:36:00,3.6.2018 10:36:00,3.6.2018 10:36:00,127,140,154,154,154,5.00,no,NA
131,155_2018,2018.00,10.5.2018 08:16:48,4.6.2018 09:16:00,4.6.2018 09:16:00,4.6.2018 09:16:00,4.6.2018 09:16:00,130,155,155,155,155,5.00,no,NA
132,159_2018,2018.00,31.5.2018 00:00:00,4.6.2018 12:09:00,4.6.2018 12:09:00,4.6.2018 12:09:00,4.6.2018 12:09:00,151,155,155,155,155,5.00,no,NA
133,127_2018,2018.00,5.5.2018 13:04:47,14.5.2018 11:40:00,28.5.2018 14:10:00,12.6.2018 08:43:00,4.6.2018 13:04:47,125,134,148,163,155,1.00,no,NA
134,121_2018,2018.00,6.5.2018 00:00:00,10.5.2018 09:25:00,4.6.2018 13:15:00,4.6.2018 13:15:00,4.6.2018 13:15:00,126,130,155,155,155,5.00,no,NA
135,161_2018,2018.00,,4.6.2018 13:43:00,4.6.2018 13:43:00,4.6.2018 13:43:00,4.6.2018 13:43:00,,155,155,155,155,5.00,no,NA
136,162_2018,2018.00,11.5.2018 13:26:24,4.6.2018 14:02:00,4.6.2018 14:02:00,4.6.2018 14:02:00,4.6.2018 14:02:00,131,155,155,155,155,5.00,no,NA
137,142_2018,2018.00,7.5.2018 11:06:00,28.5.2018 11:57:00,28.5.2018 11:57:00,14.6.2018 07:46:00,5.6.2018 21:51:30,127,148,148,165,156,1.00,no,NA
138,163_2018,2018.00,6.6.2018 00:00:00,6.6.2018 17:15:00,6.6.2018 17:15:00,6.6.2018 17:15:00,6.6.2018 17:15:00,157,157,157,157,157,1.00,no,NA
139,128_2018,2018.00,10.5.2018 06:43:12,15.5.2018 09:44:00,15.5.2018 09:44:00,1.7.2018 08:25:00,7.6.2018 21:04:30,130,135,135,182,158,1.00,no,NA
140,143_2018,2018.00,17.5.2018 01:08:24,28.5.2018 15:25:00,28.5.2018 15:25:00,20.6.2018 10:40:00,9.6.2018 01:02:30,137,148,148,171,160,1.00,no,NA
141,130_2018,2018.00,10.5.2018 06:43:12,15.5.2018 12:10:00,9.6.2018 08:23:00,12.6.2018 07:46:00,9.6.2018 08:23:00,130,135,160,163,160,1.00,no,NA
142,158_2018,2018.00,16.5.2018 23:02:24,4.6.2018 11:56:00,4.6.2018 11:56:00,14.6.2018 11:40:00,9.6.2018 11:48:00,136,155,155,165,160,0.00,no,NA
143,165_2018,2018.00,3.6.2018 00:00:00,7.6.2018 17:25:00,7.6.2018 17:25:00,14.6.2018 11:25:00,11.6.2018 02:25:00,154,158,158,165,162,0.00,no,NA
144,132_2018,2018.00,12.5.2018 00:00:00,16.5.2018 10:20:00,12.6.2018 09:30:00,12.6.2018 09:30:00,12.6.2018 09:30:00,132,136,163,163,163,5.00,no,NA
145,189_2018,2018.00,,12.6.2018 09:38:00,12.6.2018 09:38:00,12.6.2018 09:38:00,12.6.2018 09:38:00,,163,163,163,163,5.00,no,NA
146,131_2018,2018.00,12.5.2018 00:00:00,16.5.2018 09:45:00,12.6.2018 09:55:00,25.6.2018 09:10:00,12.6.2018 09:55:00,132,136,163,176,163,1.00,no,NA
147,171_2018,2018.00,20.5.2018 08:52:48,12.6.2018 18:02:00,12.6.2018 18:02:00,12.6.2018 18:02:00,12.6.2018 18:02:00,140,163,163,163,163,5.00,no,NA
148,172_2018,2018.00,3.6.2018 14:23:59,7.6.2018 13:30:00,13.6.2018 07:10:00,13.6.2018 07:10:00,13.6.2018 07:10:00,154,158,164,164,164,5.00,no,NA
149,169_2018,2018.00,16.5.2018 00:00:00,9.6.2018 16:33:00,11.6.2018 18:30:00,15.6.2018 16:12:00,13.6.2018 17:21:00,136,160,162,166,164,1.00,no,NA
150,134_2018,2018.00,15.5.2018 15:21:36,20.5.2018 09:10:00,12.6.2018 11:14:00,17.6.2018 07:28:00,14.6.2018 15:21:36,135,140,163,168,165,1.00,no,NA
151,157_2018,2018.00,22.5.2018 08:38:24,4.6.2018 11:02:00,4.6.2018 11:03:00,25.6.2018 12:00:00,14.6.2018 23:31:30,142,155,155,176,165,1.00,no,NA
152,137_2018,2018.00,16.5.2018 06:43:12,21.5.2018 09:54:00,12.6.2018 11:47:00,18.6.2018 07:00:00,15.6.2018 06:43:12,136,141,163,169,166,1.00,no,NA
153,160_2018,2018.00,20.5.2018 06:25:12,4.6.2018 12:28:00,4.6.2018 12:28:00,26.6.2018 10:15:00,15.6.2018 11:21:30,140,155,155,177,166,1.00,no,NA
154,174_2018,2018.00,,16.6.2018 09:56:00,16.6.2018 09:56:00,16.6.2018 09:56:00,16.6.2018 09:56:00,,167,167,167,167,5.00,no,NA
155,170_2018,2018.00,,14.6.2018 16:55:00,16.6.2018 10:30:00,16.6.2018 10:30:00,16.6.2018 10:30:00,,165,167,167,167,5.00,no,NA
156,175_2018,2018.00,7.6.2018 11:27:36,16.6.2018 10:35:00,16.6.2018 10:35:00,16.6.2018 10:35:00,16.6.2018 10:35:00,158,167,167,167,167,5.00,no,NA
157,145_2018,2018.00,29.5.2018 11:02:24,3.6.2018 08:57:00,16.6.2018 18:27:00,16.6.2018 18:27:00,16.6.2018 18:27:00,149,154,167,167,167,5.00,no,NA
158,168_2018,2018.00,6.6.2018 02:38:24,12.6.2018 06:35:00,15.6.2018 15:30:00,16.6.2018 18:30:00,16.6.2018 18:30:00,157,163,166,167,167,0.00,yes,29.604
159,150_2018,2018.00,29.5.2018 23:40:47,3.6.2018 11:47:00,17.6.2018 16:17:00,17.6.2018 16:17:00,17.6.2018 16:17:00,149,154,168,168,168,5.00,no,NA
160,119_2018,2018.00,4.5.2018 00:00:00,8.5.2018 14:27:00,18.6.2018 06:54:00,10.7.2018 10:40:00,18.6.2018 06:54:00,124,128,169,191,169,1.00,no,NA
161,144_2018,2018.00,29.5.2018 03:50:24,31.5.2018 11:28:00,18.6.2018 12:00:00,18.6.2018 12:00:00,18.6.2018 12:00:00,149,151,169,169,169,5.00,no,NA
162,153_2018,2018.00,21.5.2018 11:52:48,3.6.2018 12:39:00,3.6.2018 12:39:00,5.7.2018 08:42:00,19.6.2018 10:40:30,141,154,154,186,170,1.00,no,NA
163,178_2018,2018.00,15.6.2018 00:00:00,19.6.2018 12:00:00,19.6.2018 12:00:00,19.6.2018 12:00:00,19.6.2018 12:00:00,166,170,170,170,170,5.00,no,NA
164,152_2018,2018.00,21.5.2018 11:52:48,3.6.2018 12:15:00,12.6.2018 11:38:00,1.7.2018 09:55:00,20.6.2018 11:52:48,141,154,163,182,171,1.00,no,NA
165,182_2018,2018.00,,18.6.2018 17:50:00,18.6.2018 17:50:00,22.6.2018 14:33:00,20.6.2018 16:11:30,,169,169,173,171,5.00,no,NA
166,151_2018,2018.00,21.5.2018 16:44:24,3.6.2018 12:02:00,17.6.2018 06:30:00,25.6.2018 18:26:00,20.6.2018 16:44:24,141,154,168,176,171,1.00,no,NA
167,149_2018,2018.00,29.5.2018 17:31:12,3.6.2018 10:48:00,7.6.2018 07:30:00,5.7.2018 10:10:00,21.6.2018 08:50:00,149,154,158,186,172,1.00,no,NA
168,179_2018,2018.00,21.6.2018 00:00:00,21.6.2018 17:24:00,21.6.2018 17:24:00,21.6.2018 17:24:00,21.6.2018 17:24:00,172,172,172,172,172,1.00,no,NA
169,154_2018,2018.00,27.5.2018 13:40:48,3.6.2018 13:05:00,3.6.2018 13:05:00,12.7.2018 09:30:00,22.6.2018 23:17:30,147,154,154,193,173,1.00,no,NA
170,140_2018,2018.00,24.5.2018 00:00:00,28.5.2018 09:08:00,20.6.2018 17:10:00,25.6.2018 08:50:00,23.6.2018 00:00:00,144,148,171,176,174,1.00,no,NA
171,147_2018,2018.00,24.5.2018 19:15:36,3.6.2018 09:39:00,20.6.2018 18:01:00,1.7.2018 08:08:00,23.6.2018 19:15:36,144,154,171,182,174,1.00,no,NA
172,167_2018,2018.00,3.6.2018 00:00:00,7.6.2018 18:11:00,7.6.2018 18:11:00,12.7.2018 11:15:00,25.6.2018 02:43:00,154,158,158,193,176,1.00,no,NA
173,184_2018,2018.00,26.6.2018 00:00:00,26.6.2018 11:18:00,26.6.2018 11:18:00,26.6.2018 11:18:00,26.6.2018 11:18:00,177,177,177,177,177,1.00,no,NA
174,156_2018,2018.00,14.5.2018 11:06:00,4.6.2018 09:32:00,26.6.2018 14:40:00,1.7.2018 10:43:00,26.6.2018 14:40:00,134,155,177,182,177,1.00,no,NA
175,173_2018,2018.00,27.5.2018 09:46:48,16.6.2018 06:25:00,26.6.2018 15:13:00,5.7.2018 11:10:00,26.6.2018 15:13:00,147,167,177,186,177,1.00,no,NA
176,148_2018,2018.00,1.6.2018 00:00:00,3.6.2018 10:18:00,26.6.2018 16:00:00,5.7.2018 09:50:00,1.7.2018 00:00:00,152,154,177,186,182,1.00,no,NA
177,141_2018,2018.00,24.5.2018 00:00:00,28.5.2018 11:00:00,1.7.2018 09:42:00,15.7.2018 11:00:00,1.7.2018 09:42:00,144,148,182,196,182,1.00,no,NA
178,164_2018,2018.00,1.6.2018 22:04:47,7.6.2018 09:20:00,1.7.2018 08:49:00,5.7.2018 09:25:00,1.7.2018 22:04:47,152,158,182,186,182,1.00,no,NA
179,185_2018,2018.00,26.6.2018 15:21:36,1.7.2018 11:45:00,1.7.2018 11:45:00,7.7.2018 02:30:00,7.7.2018 02:30:00,177,182,182,188,188,0.00,yes,33.5675
180,186_2018,2018.00,1.7.2018 00:00:00,5.7.2018 12:20:00,5.7.2018 12:20:00,10.7.2018 09:49:00,7.7.2018 23:04:30,182,186,186,191,188,0.00,no,NA
181,180_2018,2018.00,11.6.2018 00:00:00,11.6.2018 15:35:00,10.7.2018 09:21:00,15.7.2018 07:57:00,11.7.2018 00:00:00,162,162,191,196,192,1.00,no,NA
182,177_2018,2018.00,14.6.2018 00:00:00,19.6.2018 12:00:00,10.7.2018 09:01:00,18.7.2018 12:20:00,14.7.2018 00:00:00,165,170,191,199,195,1.00,no,NA
183,166_2018,2018.00,25.5.2018 10:15:36,7.6.2018 10:06:00,7.6.2018 10:06:00,14.7.2018 03:11:24,14.7.2018 03:11:24,145,158,158,195,195,0.00,yes,26.872
184,176_2018,2018.00,4.6.2018 13:48:00,16.6.2018 18:51:00,18.7.2018 10:00:00,22.7.2018 12:12:00,18.7.2018 10:00:00,155,167,199,203,199,2.00,no,NA
185,187_2018,2018.00,6.7.2018 00:00:00,10.7.2018 11:39:00,18.7.2018 10:25:00,22.7.2018 13:15:00,20.7.2018 11:50:00,187,191,199,203,201,0.00,no,NA
186,181_2018,2018.00,21.6.2018 17:31:12,22.6.2018 11:21:00,18.7.2018 10:44:00,26.7.2018 12:27:00,21.7.2018 17:31:12,172,173,199,207,202,1.00,no,NA
187,188_2018,2018.00,11.7.2018 00:00:00,15.7.2018 09:55:00,26.7.2018 11:58:00,26.7.2018 11:58:00,26.7.2018 11:58:00,192,196,207,207,207,5.00,no,NA
188,1_2019,2019.00,22.1.2019 22:48:00,31.1.2019 12:03:00,31.1.2019 12:03:00,25.2.2019 11:23:00,12.2.2019 23:43:00,22,31,31,56,43,1.00,no,NA
189,5_2019,2019.00,8.2.2019 17:31:12,13.2.2019 15:38:00,13.2.2019 15:38:00,25.2.2019 14:37:00,19.2.2019 15:07:30,39,44,44,56,50,1.00,no,NA
190,12_2019,2019.00,9.2.2019 13:32:00,9.2.2019 13:32:00,9.2.2019 13:32:00,7.3.2019 15:06:00,22.2.2019 14:19:00,40,40,40,66,53,5.00,no,NA
191,27_2019,2019.00,9.2.2019 12:00:00,9.2.2019 12:00:00,9.2.2019 12:00:00,10.3.2019 17:38:00,24.2.2019 02:49:00,40,40,40,69,55,2.00,no,NA
192,11_2019,2019.00,25.2.2019 00:00:00,25.2.2019 11:55:00,25.2.2019 11:55:00,25.2.2019 11:55:00,25.2.2019 11:55:00,56,56,56,56,56,1.00,no,NA
193,6_2019,2019.00,13.2.2019 22:04:47,19.2.2019 12:44:00,2.3.2019 15:26:00,4.3.2019 08:14:00,3.3.2019 11:50:00,44,50,61,63,62,2.00,no,NA
194,13_2019,2019.00,4.2.2019 11:06:00,25.2.2019 14:55:00,4.3.2019 17:29:00,7.3.2019 11:35:00,6.3.2019 02:32:00,35,56,63,66,65,1.00,no,NA
195,7_2019,2019.00,6.2.2019 02:09:36,19.2.2019 14:43:00,4.3.2019 16:12:00,9.3.2019 13:32:00,7.3.2019 02:52:00,37,50,63,68,66,1.00,no,NA
196,26_2019,2019.00,8.2.2019 23:27:36,3.3.2019 14:12:00,3.3.2019 14:12:00,11.3.2019 14:34:00,7.3.2019 14:23:00,39,62,62,70,66,1.00,no,NA
197,17_2019,2019.00,11.2.2019 18:28:48,1.3.2019 17:26:00,5.3.2019 15:50:00,8.3.2019 07:53:57,8.3.2019 07:53:57,42,60,64,67,67,0.00,yes,16.1395
198,10_2019,2019.00,14.2.2019 11:02:24,19.2.2019 16:10:00,28.2.2019 14:42:00,8.3.2019 08:51:44,8.3.2019 08:51:44,45,50,59,67,67,0.00,yes,22.791
199,14_2019,2019.00,9.2.2019 15:52:00,9.2.2019 15:52:00,9.2.2019 15:52:00,4.4.2019 07:25:00,8.3.2019 11:38:30,40,40,40,94,67,1.00,no,NA
200,20_2019,2019.00,12.2.2019 12:00:00,2.3.2019 12:02:00,5.3.2019 13:20:00,11.3.2019 10:04:00,8.3.2019 11:42:00,43,61,64,70,67,1.00,no,NA
201,2_2019,2019.00,7.2.2019 00:00:00,11.2.2019 09:45:00,7.3.2019 13:26:00,11.3.2019 17:00:00,9.3.2019 00:00:00,38,42,66,70,68,1.00,no,NA
202,28_2019,2019.00,27.2.2019 06:43:12,4.3.2019 11:54:00,6.3.2019 14:01:00,11.3.2019 11:43:00,9.3.2019 00:52:00,58,63,65,70,68,1.00,no,NA
203,24_2019,2019.00,8.2.2019 08:52:48,3.3.2019 12:45:00,8.3.2019 08:46:00,10.3.2019 16:28:00,9.3.2019 12:37:00,39,62,67,69,68,0.00,no,NA
204,18_2019,2019.00,23.2.2019 22:04:47,1.3.2019 18:01:00,5.3.2019 11:56:00,10.3.2019 07:11:43,10.3.2019 07:11:43,54,60,64,69,69,0.00,yes,13.8222
205,3_2019,2019.00,6.2.2019 06:10:48,11.2.2019 11:00:00,10.3.2019 11:20:00,13.3.2019 13:35:00,10.3.2019 11:20:00,37,42,69,72,69,1.00,no,NA
206,23_2019,2019.00,15.2.2019 09:07:12,2.3.2019 16:13:00,6.3.2019 11:00:00,10.3.2019 17:09:39,10.3.2019 17:09:39,46,61,65,69,69,0.00,yes,25.335
207,32_2019,2019.00,19.2.2019 16:33:36,10.3.2019 12:50:00,10.3.2019 12:50:00,11.3.2019 14:10:00,11.3.2019 01:30:00,50,69,69,70,70,0.00,no,NA
208,9_2019,2019.00,9.2.2019 10:50:00,9.2.2019 10:50:00,12.3.2019 09:04:00,17.3.2019 12:00:00,12.3.2019 09:04:00,40,40,71,76,71,1.00,no,NA
209,30_2019,2019.00,9.2.2019 11:58:00,9.2.2019 11:58:00,12.3.2019 10:33:00,18.3.2019 15:49:00,12.3.2019 10:33:00,40,40,71,77,71,1.00,no,NA
210,8_2019,2019.00,8.2.2019 06:00:00,19.2.2019 15:18:00,12.3.2019 15:20:00,16.3.2019 09:32:00,12.3.2019 15:20:00,39,50,71,75,71,1.00,no,NA
211,29_2019,2019.00,9.2.2019 17:15:00,9.2.2019 17:15:00,13.3.2019 09:58:00,25.3.2019 14:35:00,13.3.2019 09:58:00,40,40,72,84,72,1.00,no,NA
212,4_2019,2019.00,9.2.2019 12:00:00,9.2.2019 12:00:00,13.3.2019 12:00:00,18.3.2019 14:59:00,13.3.2019 12:00:00,40,40,72,77,72,1.00,no,NA
213,21_2019,2019.00,13.2.2019 13:55:11,2.3.2019 12:34:00,11.3.2019 09:56:00,16.3.2019 16:20:00,14.3.2019 01:08:00,44,61,70,75,73,1.00,no,NA
214,19_2019,2019.00,9.2.2019 14:52:48,2.3.2019 10:01:00,15.3.2019 08:05:00,25.3.2019 13:51:00,15.3.2019 08:05:00,40,61,74,84,74,1.00,no,NA
215,16_2019,2019.00,9.2.2019 09:07:00,9.2.2019 09:07:00,16.3.2019 09:18:00,17.3.2019 11:40:00,16.3.2019 09:18:00,40,40,75,76,75,2.00,no,NA
216,37_2019,2019.00,11.3.2019 08:38:24,13.3.2019 12:25:00,16.3.2019 12:00:00,16.3.2019 12:00:00,16.3.2019 12:00:00,70,72,75,75,75,5.00,no,NA
217,36_2019,2019.00,15.2.2019 03:07:12,13.3.2019 08:10:00,16.3.2019 16:43:00,16.3.2019 16:43:00,16.3.2019 16:43:00,46,72,75,75,75,5.00,no,NA
218,35_2019,2019.00,22.2.2019 23:20:24,12.3.2019 10:33:00,20.3.2019 12:00:00,20.3.2019 12:00:00,20.3.2019 12:00:00,53,71,79,79,79,5.00,no,NA
219,25_2019,2019.00,18.2.2019 15:07:12,3.3.2019 13:24:00,15.3.2019 14:35:00,26.3.2019 15:23:00,20.3.2019 15:07:12,49,62,74,85,79,1.00,no,NA
220,33_2019,2019.00,20.2.2019 11:42:00,11.3.2019 11:31:00,17.3.2019 12:12:00,25.3.2019 14:50:00,21.3.2019 13:31:00,51,70,76,84,80,1.00,no,NA
221,31_2019,2019.00,24.2.2019 15:43:12,7.3.2019 09:56:00,14.3.2019 08:13:00,1.4.2019 09:06:00,23.3.2019 08:39:30,55,66,73,91,82,0.00,no,NA
222,41_2019,2019.00,14.3.2019 01:40:48,20.3.2019 14:55:00,20.3.2019 14:55:00,27.3.2019 07:16:00,23.3.2019 23:05:30,73,79,79,86,82,2.00,no,NA
223,43_2019,2019.00,,20.3.2019 15:34:00,20.3.2019 15:34:00,28.3.2019 09:20:00,24.3.2019 12:27:00,,79,79,87,83,2.00,no,NA
224,15_2019,2019.00,22.2.2019 20:09:36,1.3.2019 10:10:00,16.3.2019 12:25:00,4.4.2019 08:20:00,24.3.2019 20:09:36,53,60,75,94,83,1.00,no,NA
225,48_2019,2019.00,12.3.2019 23:13:12,25.3.2019 09:50:00,25.3.2019 09:50:00,27.3.2019 09:46:00,26.3.2019 09:48:00,71,84,84,86,85,0.00,no,NA
226,49_2019,2019.00,17.3.2019 07:26:24,25.3.2019 11:56:00,25.3.2019 11:56:00,26.3.2019 09:53:58,26.3.2019 09:53:58,76,84,84,85,85,0.00,yes,32.3315
227,42_2019,2019.00,3.3.2019 12:07:12,20.3.2019 15:00:00,20.3.2019 15:00:00,2.4.2019 12:36:00,27.3.2019 01:48:00,62,79,79,92,86,1.00,no,NA
228,38_2019,2019.00,26.2.2019 01:33:36,13.3.2019 15:05:00,25.3.2019 15:37:00,30.3.2019 12:36:00,28.3.2019 01:33:36,57,72,84,89,87,1.00,no,NA
229,46_2019,2019.00,21.3.2019 15:21:36,26.3.2019 09:20:00,26.3.2019 09:20:00,31.3.2019 06:46:00,28.3.2019 20:03:00,80,85,85,90,87,2.00,no,NA
230,54_2019,2019.00,22.3.2019 06:43:12,27.3.2019 12:30:00,28.3.2019 16:14:00,30.3.2019 07:36:00,29.3.2019 11:55:00,81,86,87,89,88,0.00,no,NA
231,22_2019,2019.00,25.2.2019 11:02:24,2.3.2019 13:12:00,29.3.2019 14:10:00,29.3.2019 14:10:00,29.3.2019 14:10:00,56,61,88,88,88,5.00,no,NA
232,39_2019,2019.00,27.2.2019 12:00:00,17.3.2019 08:33:00,30.3.2019 08:11:00,2.4.2019 15:28:00,30.3.2019 08:11:00,58,76,89,92,89,1.00,no,NA
233,34_2019,2019.00,26.2.2019 02:09:36,11.3.2019 14:06:00,26.3.2019 15:02:00,30.3.2019 12:09:34,30.3.2019 12:09:34,57,70,85,89,89,0.00,yes,34.45575
234,52_2019,2019.00,2.3.2019 09:07:12,26.3.2019 12:50:00,28.3.2019 11:28:00,3.4.2019 07:46:00,31.3.2019 09:37:00,61,85,87,93,90,1.00,no,NA
235,61_2019,2019.00,1.3.2019 17:38:24,29.3.2019 14:45:00,29.3.2019 14:45:00,2.4.2019 07:02:00,31.3.2019 10:53:30,60,88,88,92,90,1.00,no,NA
236,64_2019,2019.00,29.3.2019 00:00:00,31.3.2019 11:55:00,2.4.2019 12:04:00,4.4.2019 09:17:00,3.4.2019 10:40:30,88,90,92,94,93,0.00,no,NA
237,47_2019,2019.00,7.3.2019 05:31:12,25.3.2019 06:58:00,1.4.2019 08:47:00,8.4.2019 14:13:00,4.4.2019 23:30:00,66,84,91,98,94,1.00,no,NA
238,75_2019,2019.00,1.4.2019 00:00:00,4.4.2019 11:25:00,5.4.2019 10:10:00,5.4.2019 10:10:00,5.4.2019 10:10:00,91,94,95,95,95,5.00,no,NA
239,71_2019,2019.00,31.3.2019 00:00:00,2.4.2019 09:28:00,4.4.2019 13:35:00,6.4.2019 13:00:00,5.4.2019 13:17:30,90,92,94,96,95,2.00,no,NA
240,53_2019,2019.00,14.3.2019 23:13:12,27.3.2019 10:05:00,4.4.2019 07:54:00,6.4.2019 16:06:36,6.4.2019 16:06:36,73,86,94,96,96,0.00,yes,47.8379
241,40_2019,2019.00,8.3.2019 07:55:12,18.3.2019 09:28:00,8.4.2019 11:30:00,11.4.2019 09:25:00,8.4.2019 11:30:00,67,77,98,101,98,1.00,no,NA
242,83_2019,2019.00,3.4.2019 06:43:12,8.4.2019 12:10:00,8.4.2019 12:10:00,8.4.2019 12:10:00,8.4.2019 12:10:00,93,98,98,98,98,5.00,no,NA
243,65_2019,2019.00,14.3.2019 00:57:36,31.3.2019 14:30:00,8.4.2019 11:56:00,11.4.2019 10:20:00,9.4.2019 23:08:00,73,90,98,101,99,1.00,no,NA
244,82_2019,2019.00,6.4.2019 00:00:00,6.4.2019 13:56:00,8.4.2019 14:38:00,14.4.2019 14:40:00,11.4.2019 14:39:00,96,96,98,104,101,2.00,no,NA
245,50_2019,2019.00,13.3.2019 06:14:24,25.3.2019 12:45:00,11.4.2019 10:26:00,14.4.2019 14:08:00,12.4.2019 06:14:24,72,84,101,104,102,1.00,no,NA
246,45_2019,2019.00,15.3.2019 04:40:48,25.3.2019 11:05:00,8.4.2019 12:40:00,17.4.2019 13:03:00,13.4.2019 00:51:30,74,84,98,107,103,1.00,no,NA
247,56_2019,2019.00,16.3.2019 23:13:12,29.3.2019 07:50:00,8.4.2019 13:10:00,21.4.2019 14:00:00,15.4.2019 01:35:00,75,88,98,111,105,1.00,no,NA
248,91_2019,2019.00,13.4.2019 00:00:00,17.4.2019 13:12:00,17.4.2019 13:12:00,17.4.2019 13:12:00,17.4.2019 13:12:00,103,107,107,107,107,5.00,no,NA
249,55_2019,2019.00,19.3.2019 06:00:00,28.3.2019 09:45:00,14.4.2019 15:03:00,21.4.2019 12:15:00,18.4.2019 01:39:00,78,87,104,111,108,1.00,no,NA
250,59_2019,2019.00,26.3.2019 05:25:01,29.3.2019 11:40:00,14.4.2019 15:28:00,21.4.2019 13:04:00,18.4.2019 02:16:00,85,88,104,111,108,2.00,no,NA
251,67_2019,2019.00,29.3.2019 12:00:00,1.4.2019 10:10:00,4.4.2019 09:50:00,2.5.2019 16:16:00,18.4.2019 13:03:00,88,91,94,122,108,1.00,no,NA
252,81_2019,2019.00,6.4.2019 00:00:00,6.4.2019 13:21:00,6.4.2019 13:21:00,2.5.2019 12:00:00,19.4.2019 12:40:30,96,96,96,122,109,2.00,no,NA
253,57_2019,2019.00,21.3.2019 18:14:23,29.3.2019 09:35:00,21.4.2019 12:59:00,24.4.2019 10:57:00,21.4.2019 12:59:00,80,88,111,114,111,1.00,no,NA
254,79_2019,2019.00,5.4.2019 00:00:00,5.4.2019 13:56:00,8.4.2019 11:13:00,7.5.2019 14:13:00,23.4.2019 00:43:00,95,95,98,127,113,1.00,no,NA
255,74_2019,2019.00,2.4.2019 00:00:00,4.4.2019 11:16:00,8.4.2019 10:07:00,7.5.2019 16:50:00,23.4.2019 01:28:30,92,94,98,127,113,2.00,no,NA
256,62_2019,2019.00,27.3.2019 13:26:24,30.3.2019 13:25:00,14.4.2019 16:44:00,1.5.2019 18:07:00,23.4.2019 05:25:30,86,89,104,121,113,1.00,no,NA
257,76_2019,2019.00,4.4.2019 00:00:00,4.4.2019 14:45:00,8.4.2019 08:20:00,9.5.2019 08:34:00,23.4.2019 20:27:00,94,94,98,129,113,1.00,no,NA
258,63_2019,2019.00,25.3.2019 11:02:24,30.3.2019 15:18:00,21.4.2019 15:46:00,1.5.2019 17:51:00,24.4.2019 11:02:24,84,89,111,121,114,1.00,no,NA
259,85_2019,2019.00,1.4.2019 23:13:12,14.4.2019 13:42:00,14.4.2019 13:42:00,5.5.2019 13:22:00,25.4.2019 01:32:00,91,104,104,125,115,1.00,no,NA
260,51_2019,2019.00,26.3.2019 07:59:00,26.3.2019 07:59:00,21.4.2019 16:10:00,30.4.2019 14:30:00,25.4.2019 07:59:00,85,85,111,120,115,2.00,no,NA
261,60_2019,2019.00,29.3.2019 11:02:24,29.3.2019 14:00:00,21.4.2019 11:09:00,29.4.2019 14:12:00,25.4.2019 12:40:30,88,88,111,119,115,2.00,no,NA
262,66_2019,2019.00,27.3.2019 17:02:24,1.4.2019 09:06:00,24.4.2019 16:25:00,1.5.2019 17:43:00,26.4.2019 17:02:24,86,91,114,121,116,1.00,no,NA
263,92_2019,2019.00,4.4.2019 16:44:24,17.4.2019 14:55:00,17.4.2019 14:55:00,8.5.2019 09:30:00,28.4.2019 00:12:30,94,107,107,128,118,1.00,no,NA
264,69_2019,2019.00,30.3.2019 00:00:00,1.4.2019 13:47:00,24.4.2019 09:45:00,1.5.2019 16:55:00,28.4.2019 01:20:00,89,91,114,121,118,1.00,no,NA
265,77_2019,2019.00,30.3.2019 02:38:24,5.4.2019 14:09:00,24.4.2019 10:30:00,1.5.2019 17:00:00,28.4.2019 01:45:00,89,95,114,121,118,1.00,no,NA
266,72_2019,2019.00,29.3.2019 23:31:12,2.4.2019 10:58:00,24.4.2019 14:15:00,1.5.2019 17:58:00,28.4.2019 04:06:30,88,92,114,121,118,1.00,no,NA
267,95_2019,2019.00,11.4.2019 22:04:47,17.4.2019 17:43:00,17.4.2019 17:43:00,13.5.2019 12:38:00,30.4.2019 15:10:30,101,107,107,133,120,1.00,no,NA
268,80_2019,2019.00,6.4.2019 13:10:00,6.4.2019 13:10:00,1.5.2019 16:47:00,1.5.2019 16:47:00,1.5.2019 16:47:00,96,96,121,121,121,5.00,no,NA
269,118_2019,2019.00,2.4.2019 09:43:12,3.5.2019 07:14:00,3.5.2019 07:14:00,4.5.2019 16:15:00,3.5.2019 07:14:00,92,123,123,124,123,1.00,no,NA
270,121_2019,2019.00,3.5.2019 00:00:00,3.5.2019 12:00:00,3.5.2019 12:00:00,3.5.2019 12:00:00,3.5.2019 12:00:00,123,123,123,123,123,1.00,no,NA
271,116_2019,2019.00,24.4.2019 23:06:00,2.5.2019 14:18:00,2.5.2019 14:18:00,5.5.2019 16:03:00,4.5.2019 03:10:30,114,122,122,125,124,0.00,no,NA
272,90_2019,2019.00,13.4.2019 00:00:00,17.4.2019 12:35:00,17.4.2019 12:35:00,21.5.2019 10:33:00,4.5.2019 11:34:00,103,107,107,141,124,1.00,no,NA
273,87_2019,2019.00,4.4.2019 09:32:24,14.4.2019 17:40:00,4.5.2019 15:00:00,8.5.2019 12:00:00,4.5.2019 15:00:00,94,104,124,128,124,1.00,no,NA
274,119_2019,2019.00,29.4.2019 00:00:00,3.5.2019 10:20:00,3.5.2019 10:20:00,6.5.2019 07:53:00,4.5.2019 21:06:30,119,123,123,126,124,0.00,no,NA
275,78_2019,2019.00,30.3.2019 23:45:36,5.4.2019 12:06:00,6.5.2019 09:15:00,7.5.2019 16:26:00,6.5.2019 09:15:00,89,95,126,127,126,1.00,no,NA
276,73_2019,2019.00,1.4.2019 04:33:36,3.4.2019 10:34:00,6.5.2019 11:50:00,8.5.2019 14:50:00,6.5.2019 11:50:00,91,93,126,128,126,1.00,no,NA
277,89_2019,2019.00,12.4.2019 06:43:12,17.4.2019 11:30:00,1.5.2019 16:32:00,12.5.2019 08:21:00,7.5.2019 00:26:30,102,107,121,132,127,1.00,no,NA
278,109_2019,2019.00,26.4.2019 00:00:00,30.4.2019 14:34:00,30.4.2019 14:34:00,7.5.2019 07:11:43,7.5.2019 07:11:43,116,120,120,127,127,0.00,yes,25.6
279,84_2019,2019.00,8.4.2019 00:00:00,8.4.2019 13:29:00,8.5.2019 07:00:00,9.5.2019 12:32:00,8.5.2019 07:00:00,98,98,128,129,128,1.00,no,NA
280,107_2019,2019.00,17.4.2019 23:13:12,30.4.2019 09:08:00,8.5.2019 07:37:00,8.5.2019 07:37:00,8.5.2019 07:37:00,107,120,128,128,128,5.00,no,NA
281,58_2019,2019.00,20.3.2019 12:00:00,29.3.2019 11:00:00,8.5.2019 07:50:00,8.5.2019 07:50:00,8.5.2019 07:50:00,79,88,128,128,128,5.00,no,NA
282,94_2019,2019.00,7.4.2019 23:28:19,17.4.2019 16:45:00,8.5.2019 14:50:00,14.5.2019 08:33:00,8.5.2019 14:50:00,97,107,128,134,128,1.00,no,NA
283,86_2019,2019.00,9.4.2019 04:33:36,14.4.2019 15:55:00,8.5.2019 08:13:00,9.5.2019 12:46:00,8.5.2019 22:29:30,99,104,128,129,128,1.00,no,NA
284,99_2019,2019.00,8.4.2019 23:13:12,21.4.2019 14:50:00,8.5.2019 10:39:00,14.5.2019 11:23:00,8.5.2019 23:13:12,98,111,128,134,128,1.00,no,NA
285,129_2019,2019.00,7.5.2019 00:00:00,7.5.2019 16:34:00,7.5.2019 16:34:00,10.5.2019 11:13:00,9.5.2019 01:53:30,127,127,127,130,129,0.00,no,NA
286,127_2019,2019.00,2.5.2019 00:00:00,6.5.2019 10:19:00,7.5.2019 16:03:00,9.5.2019 07:12:00,9.5.2019 07:12:00,122,126,127,129,129,0.00,yes,24.4958
287,131_2019,2019.00,4.5.2019 06:43:12,9.5.2019 10:45:00,9.5.2019 10:45:00,9.5.2019 10:45:00,9.5.2019 10:45:00,124,129,129,129,129,5.00,no,NA
288,106_2019,2019.00,27.4.2019 06:10:48,29.4.2019 17:37:00,7.5.2019 11:57:00,13.5.2019 11:07:00,10.5.2019 11:32:00,117,119,127,133,130,2.00,no,NA
289,117_2019,2019.00,27.4.2019 12:21:36,1.5.2019 18:25:00,10.5.2019 09:07:00,11.5.2019 07:59:00,10.5.2019 20:33:00,117,121,130,131,130,0.00,no,NA
290,120_2019,2019.00,6.4.2019 09:43:12,7.5.2019 08:30:00,11.5.2019 06:42:00,13.5.2019 06:28:00,11.5.2019 06:42:00,96,127,131,133,131,1.00,no,NA
291,88_2019,2019.00,12.4.2019 00:00:00,17.4.2019 11:07:00,9.5.2019 07:04:00,13.5.2019 11:16:00,11.5.2019 09:10:00,102,107,129,133,131,1.00,no,NA
292,133_2019,2019.00,5.5.2019 15:21:36,10.5.2019 14:50:00,11.5.2019 10:04:00,11.5.2019 10:04:00,11.5.2019 10:04:00,125,130,131,131,131,5.00,no,NA
293,132_2019,2019.00,13.4.2019 04:44:24,9.5.2019 11:50:00,10.5.2019 13:59:00,13.5.2019 07:52:00,11.5.2019 22:55:30,103,129,130,133,131,1.00,no,NA
294,102_2019,2019.00,11.4.2019 00:32:24,24.4.2019 09:58:00,12.5.2019 10:47:00,15.5.2019 09:30:00,12.5.2019 10:47:00,101,114,132,135,132,1.00,no,NA
295,123_2019,2019.00,14.4.2019 22:44:24,4.5.2019 13:09:00,12.5.2019 15:16:00,15.5.2019 07:50:00,13.5.2019 23:33:00,104,124,132,135,133,1.00,no,NA
296,101_2019,2019.00,3.4.2019 16:51:36,21.4.2019 17:02:00,14.5.2019 10:18:00,21.5.2019 13:20:00,14.5.2019 10:18:00,93,111,134,141,134,1.00,no,NA
297,113_2019,2019.00,18.4.2019 00:14:23,2.5.2019 11:50:00,9.5.2019 12:50:00,19.5.2019 10:59:00,14.5.2019 11:54:30,108,122,129,139,134,2.00,no,NA
298,125_2019,2019.00,20.4.2019 17:58:12,5.5.2019 16:15:00,14.5.2019 14:17:00,15.5.2019 10:45:00,15.5.2019 00:31:00,110,125,134,135,135,2.00,no,NA
299,97_2019,2019.00,15.4.2019 22:04:47,21.4.2019 13:22:00,14.5.2019 07:26:00,21.5.2019 11:55:00,15.5.2019 22:04:47,105,111,134,141,135,1.00,no,NA
300,100_2019,2019.00,16.4.2019 11:02:24,21.4.2019 15:13:00,14.5.2019 12:27:00,23.5.2019 09:25:00,16.5.2019 11:02:24,106,111,134,143,136,1.00,no,NA
301,108_2019,2019.00,18.4.2019 10:33:36,30.4.2019 10:57:00,6.5.2019 13:21:00,26.5.2019 14:05:00,16.5.2019 13:43:00,108,120,126,146,136,1.00,no,NA
302,96_2019,2019.00,17.4.2019 00:00:00,21.4.2019 11:47:00,15.5.2019 14:07:00,26.5.2019 12:20:00,17.5.2019 00:00:00,107,111,135,146,137,1.00,no,NA
303,98_2019,2019.00,17.4.2019 00:00:00,21.4.2019 14:29:00,14.5.2019 11:51:00,21.5.2019 12:30:00,17.5.2019 00:00:00,107,111,134,141,137,1.00,no,NA
304,103_2019,2019.00,19.4.2019 11:02:24,24.4.2019 11:55:00,14.5.2019 11:04:00,21.5.2019 15:08:00,18.5.2019 01:06:00,109,114,134,141,138,1.00,no,NA
305,105_2019,2019.00,19.4.2019 01:26:24,29.4.2019 16:13:00,15.5.2019 13:45:00,23.5.2019 13:16:00,19.5.2019 01:26:24,109,119,135,143,139,1.00,no,NA
306,110_2019,2019.00,19.4.2019 10:33:36,1.5.2019 15:20:00,15.5.2019 08:47:00,26.5.2019 14:41:00,19.5.2019 10:33:36,109,121,135,146,139,1.00,no,NA
307,70_2019,2019.00,31.3.2019 23:13:12,1.4.2019 14:05:00,19.5.2019 11:12:00,23.5.2019 14:20:00,19.5.2019 11:12:00,90,91,139,143,139,1.00,no,NA
308,104_2019,2019.00,20.4.2019 00:00:00,24.4.2019 12:27:00,10.5.2019 07:50:00,2.6.2019 11:33:00,20.5.2019 00:00:00,110,114,130,153,140,1.00,no,NA
309,134_2019,2019.00,10.5.2019 05:45:36,11.5.2019 08:08:00,13.5.2019 13:19:00,2.6.2019 12:40:00,23.5.2019 12:59:30,130,131,133,153,143,0.00,no,NA
310,141_2019,2019.00,25.4.2019 00:00:00,21.5.2019 14:00:00,21.5.2019 14:00:00,28.5.2019 13:37:00,25.5.2019 00:00:00,115,141,141,148,145,1.00,no,NA
311,137_2019,2019.00,26.4.2019 18:00:00,21.5.2019 09:48:00,21.5.2019 09:48:00,23.6.2019 09:55:00,26.5.2019 18:00:00,116,141,141,174,146,1.00,no,NA
312,144_2019,2019.00,,26.5.2019 15:40:00,26.5.2019 15:40:00,27.5.2019 02:05:24,27.5.2019 02:05:24,,146,146,147,147,0.00,yes,25.753
313,115_2019,2019.00,27.4.2019 06:43:12,2.5.2019 13:42:00,28.5.2019 11:27:00,2.6.2019 10:25:00,28.5.2019 11:27:00,117,122,148,153,148,1.00,no,NA
314,111_2019,2019.00,25.4.2019 18:50:24,1.5.2019 16:12:00,28.5.2019 12:10:00,2.6.2019 12:23:00,28.5.2019 12:10:00,115,121,148,153,148,1.00,no,NA
315,124_2019,2019.00,28.4.2019 12:21:36,4.5.2019 13:36:00,26.5.2019 15:08:00,30.5.2019 11:35:00,28.5.2019 12:21:36,118,124,146,150,148,1.00,no,NA
316,112_2019,2019.00,26.4.2019 06:43:12,1.5.2019 16:40:00,28.5.2019 12:22:00,30.5.2019 11:06:00,28.5.2019 12:22:00,116,121,148,150,148,1.00,no,NA
317,142_2019,2019.00,,21.5.2019 14:28:00,28.5.2019 12:51:00,28.5.2019 19:14:07,28.5.2019 19:14:07,,141,148,148,148,0.00,yes,35.8035
318,114_2019,2019.00,29.4.2019 05:31:12,2.5.2019 13:18:00,26.5.2019 14:52:00,2.6.2019 09:27:00,29.5.2019 05:31:12,119,122,146,153,149,1.00,no,NA
319,122_2019,2019.00,30.4.2019 00:52:48,4.5.2019 12:54:00,28.5.2019 13:30:00,2.6.2019 13:04:00,30.5.2019 00:52:48,120,124,148,153,150,1.00,no,NA
320,128_2019,2019.00,1.5.2019 18:50:24,7.5.2019 10:28:00,28.5.2019 11:42:00,2.6.2019 10:53:00,30.5.2019 23:17:30,121,127,148,153,150,1.00,no,NA
321,140_2019,2019.00,1.5.2019 00:00:00,21.5.2019 13:01:00,23.5.2019 09:38:00,9.6.2019 09:59:00,31.5.2019 00:00:00,121,141,143,160,151,1.00,no,NA
322,126_2019,2019.00,2.5.2019 00:00:00,6.5.2019 08:10:00,2.6.2019 12:44:00,2.6.2019 12:44:00,2.6.2019 12:44:00,122,126,153,153,153,5.00,no,NA
323,130_2019,2019.00,9.5.2019 03:50:24,9.5.2019 10:40:00,28.5.2019 11:58:00,10.6.2019 13:05:00,4.6.2019 00:31:30,129,129,148,161,155,1.00,no,NA
324,147_2019,2019.00,,28.5.2019 15:10:00,28.5.2019 15:10:00,18.6.2019 10:10:00,8.6.2019 00:40:00,,148,148,169,159,0.00,no,NA
325,68_2019,2019.00,31.3.2019 00:00:00,1.4.2019 11:12:00,2.6.2019 12:06:00,8.6.2019 05:36:00,8.6.2019 05:36:00,90,91,153,159,159,0.00,yes,38.2409
326,135_2019,2019.00,10.5.2019 06:28:48,11.5.2019 09:28:00,8.6.2019 07:05:00,12.6.2019 08:32:00,9.6.2019 06:28:48,130,131,159,163,160,1.00,no,NA
327,149_2019,2019.00,,30.5.2019 10:17:00,30.5.2019 10:17:00,20.6.2019 12:22:00,9.6.2019 23:19:30,,150,150,171,160,0.00,no,NA
328,136_2019,2019.00,11.5.2019 05:45:36,12.5.2019 10:30:00,9.6.2019 08:36:00,13.6.2019 09:47:00,10.6.2019 05:45:36,131,132,160,164,161,1.00,no,NA
329,155_2019,2019.00,2.6.2019 06:43:12,6.6.2019 11:20:00,7.6.2019 14:53:00,11.6.2019 20:29:40,11.6.2019 20:29:40,153,157,158,162,162,0.00,yes,30.8949
330,160_2019,2019.00,6.6.2019 00:00:00,7.6.2019 15:20:00,10.6.2019 14:58:00,11.6.2019 23:23:03,11.6.2019 23:23:03,157,158,161,162,162,0.00,yes,27.7974
331,164_2019,2019.00,6.6.2019 00:00:00,10.6.2019 07:35:00,13.6.2019 16:08:00,13.6.2019 16:08:00,13.6.2019 16:08:00,157,161,164,164,164,5.00,no,NA
332,146_2019,2019.00,28.5.2019 14:30:00,28.5.2019 14:30:00,28.5.2019 14:30:00,1.7.2019 11:33:00,14.6.2019 13:01:30,148,148,148,182,165,1.00,no,NA
333,139_2019,2019.00,16.5.2019 00:00:00,21.5.2019 11:33:00,13.6.2019 17:20:00,15.6.2019 13:50:00,14.6.2019 15:35:00,136,141,164,166,165,1.00,no,NA
334,148_2019,2019.00,30.5.2019 09:46:00,30.5.2019 09:46:00,30.5.2019 09:46:00,1.7.2019 10:39:00,15.6.2019 10:12:30,150,150,150,182,166,1.00,no,NA
335,143_2019,2019.00,23.5.2019 00:00:00,23.5.2019 10:05:00,2.6.2019 13:25:00,1.7.2019 13:45:00,17.6.2019 01:35:00,143,143,153,182,168,0.00,no,NA
336,150_2019,2019.00,19.5.2019 23:02:24,5.6.2019 09:25:00,15.6.2019 15:55:00,18.6.2019 14:00:00,17.6.2019 02:57:30,139,156,166,169,168,1.00,no,NA
337,93_2019,2019.00,12.4.2019 04:33:36,17.4.2019 15:50:00,17.6.2019 07:27:00,17.6.2019 07:27:00,17.6.2019 07:27:00,102,107,168,168,168,5.00,no,NA
338,157_2019,2019.00,19.5.2019 16:33:36,6.6.2019 16:29:00,18.6.2019 11:04:00,18.6.2019 11:04:00,18.6.2019 11:04:00,139,157,169,169,169,5.00,no,NA
339,162_2019,2019.00,16.5.2019 17:16:48,7.6.2019 15:30:00,18.6.2019 13:14:00,4.7.2019 10:34:00,18.6.2019 13:14:00,136,158,169,185,169,0.00,no,NA
340,151_2019,2019.00,21.5.2019 09:35:59,5.6.2019 12:20:00,18.6.2019 10:00:00,1.7.2019 10:18:00,20.6.2019 09:35:59,141,156,169,182,171,1.00,no,NA
341,138_2019,2019.00,21.5.2019 11:05:00,21.5.2019 11:05:00,18.6.2019 10:40:00,23.6.2019 10:30:00,20.6.2019 11:05:00,141,141,169,174,171,1.00,no,NA
342,163_2019,2019.00,23.5.2019 17:45:35,7.6.2019 17:00:00,13.6.2019 08:25:00,1.7.2019 11:12:00,22.6.2019 09:48:30,143,158,164,182,173,0.00,no,NA
343,154_2019,2019.00,2.6.2019 06:43:12,6.6.2019 09:43:00,11.6.2019 08:00:00,4.7.2019 10:25:00,22.6.2019 21:12:30,153,157,162,185,173,1.00,no,NA
344,161_2019,2019.00,8.6.2019 22:04:47,14.6.2019 09:43:00,16.6.2019 08:20:00,1.7.2019 13:15:00,23.6.2019 22:47:30,159,165,167,182,174,0.00,no,NA
345,152_2019,2019.00,27.5.2019 15:43:12,5.6.2019 13:00:00,18.6.2019 09:35:00,1.7.2019 09:55:00,24.6.2019 21:45:00,147,156,169,182,175,1.00,no,NA
346,156_2019,2019.00,1.6.2019 22:04:47,6.6.2019 15:45:00,27.6.2019 10:42:00,1.7.2019 14:10:00,29.6.2019 12:26:00,152,157,178,182,180,1.00,no,NA
347,145_2019,2019.00,28.5.2019 13:01:00,28.5.2019 13:01:00,1.7.2019 13:25:00,9.7.2019 18:25:00,1.7.2019 13:25:00,148,148,182,190,182,0.00,no,NA
348,159_2019,2019.00,1.6.2019 22:04:47,7.6.2019 14:37:00,1.7.2019 13:52:00,9.7.2019 18:55:00,1.7.2019 22:04:47,152,158,182,190,182,1.00,no,NA
349,158_2019,2019.00,2.6.2019 11:02:24,7.6.2019 07:18:00,1.7.2019 09:26:00,4.7.2019 08:00:00,2.7.2019 11:02:24,153,158,182,185,183,1.00,no,NA
350,170_2019,2019.00,19.6.2019 08:24:00,20.6.2019 12:04:00,1.7.2019 12:27:00,4.7.2019 10:03:00,2.7.2019 23:15:00,170,171,182,185,183,2.00,no,NA
351,166_2019,2019.00,14.6.2019 00:00:00,14.6.2019 11:30:00,1.7.2019 11:50:00,4.7.2019 11:18:00,2.7.2019 23:34:00,165,165,182,185,183,2.00,no,NA
352,153_2019,2019.00,2.6.2019 06:10:48,5.6.2019 15:34:00,4.7.2019 09:20:00,9.7.2019 17:10:00,4.7.2019 09:20:00,153,156,185,190,185,1.00,no,NA
353,168_2019,2019.00,18.6.2019 00:00:00,18.6.2019 11:48:00,18.6.2019 11:48:00,22.7.2019 12:28:00,5.7.2019 12:08:00,169,169,169,203,186,1.00,no,NA
354,172_2019,2019.00,29.6.2019 15:21:36,1.7.2019 13:05:00,9.7.2019 18:18:00,6.7.2019 02:00:00,6.7.2019 02:00:00,180,182,190,187,187,5.00,yes,35.1425
355,169_2019,2019.00,14.6.2019 09:07:12,20.6.2019 10:48:00,4.7.2019 09:52:00,9.7.2019 17:30:00,7.7.2019 01:41:00,165,171,185,190,188,0.00,no,NA
356,165_2019,2019.00,8.6.2019 00:00:00,12.6.2019 09:35:00,4.7.2019 09:09:00,15.7.2019 10:40:00,8.7.2019 00:00:00,159,163,185,196,189,1.00,no,NA
357,167_2019,2019.00,9.6.2019 22:19:12,16.6.2019 16:27:00,4.7.2019 07:37:00,15.7.2019 09:25:00,9.7.2019 20:31:00,160,167,185,196,190,1.00,no,NA
358,173_2019,2019.00,18.7.2019 06:43:12,23.7.2019 09:15:00,23.7.2019 09:15:00,23.7.2019 09:15:00,23.7.2019 09:15:00,199,204,204,204,204,5.00,no,NA
359,174_2019,2019.00,23.7.2019 00:00:00,23.7.2019 10:34:00,23.7.2019 10:34:00,23.7.2019 10:34:00,23.7.2019 10:34:00,204,204,204,204,204,1.00,no,NA
360,171_2019,2019.00,26.6.2019 06:43:12,27.6.2019 11:50:00,22.7.2019 11:25:00,29.7.2019 10:30:00,25.7.2019 22:57:30,177,178,203,210,206,1.00,no,NA
361,175_2019,2019.00,28.7.2019 00:00:00,5.8.2019 10:53:00,20.8.2019 09:56:00,27.8.2019 11:28:00,23.8.2019 22:42:00,209,217,232,239,235,1.00,no,NA
362,1_2020,2020.00,17.1.2020 10:40:48,3.2.2020 11:15:00,3.2.2020 11:15:00,27.2.2020 07:50:00,15.2.2020 09:32:30,17,34,34,58,46,1.00,no,NA
363,3_2020,2020.00,1.2.2020 17:45:35,16.2.2020 15:03:00,16.2.2020 15:03:00,16.2.2020 15:03:00,16.2.2020 15:03:00,32,47,47,47,47,5.00,no,NA
364,15_2020,2020.00,1.3.2020 11:02:24,6.3.2020 09:27:00,6.3.2020 09:27:00,8.3.2020 16:00:00,7.3.2020 12:43:30,61,66,66,68,67,0.00,no,NA
365,26_2020,2020.00,8.3.2020 00:00:00,8.3.2020 08:18:00,8.3.2020 08:18:00,8.3.2020 08:18:00,8.3.2020 08:18:00,68,68,68,68,68,1.00,no,NA
366,28_2020,2020.00,4.3.2020 00:00:00,8.3.2020 12:50:00,8.3.2020 12:50:00,8.3.2020 12:50:00,8.3.2020 12:50:00,64,68,68,68,68,5.00,no,NA
367,2_2020,2020.00,16.2.2020 14:10:00,16.2.2020 14:10:00,11.3.2020 09:22:00,11.3.2020 09:22:00,11.3.2020 09:22:00,47,47,71,71,71,5.00,no,NA
368,7_2020,2020.00,17.2.2020 14:23:59,27.2.2020 08:01:00,27.2.2020 08:01:00,25.3.2020 10:50:00,11.3.2020 21:25:30,48,58,58,85,71,1.00,no,NA
369,35_2020,2020.00,27.2.2020 12:43:12,10.3.2020 08:40:00,10.3.2020 08:40:00,14.3.2020 14:00:00,12.3.2020 11:20:00,58,70,70,74,72,0.00,no,NA
370,20_2020,2020.00,7.3.2020 00:00:00,7.3.2020 11:43:00,10.3.2020 08:24:00,16.3.2020 16:43:00,13.3.2020 12:33:30,67,67,70,76,73,0.00,no,NA
371,16_2020,2020.00,16.2.2020 10:04:47,6.3.2020 12:52:00,11.3.2020 10:16:00,16.3.2020 16:34:00,14.3.2020 01:25:00,47,66,71,76,74,1.00,no,NA
372,19_2020,2020.00,24.2.2020 04:04:48,7.3.2020 10:51:00,14.3.2020 15:03:00,15.3.2020 02:36:00,15.3.2020 02:36:00,55,67,74,75,75,0.00,yes,19.6049
373,17_2020,2020.00,23.2.2020 10:33:36,6.3.2020 13:40:00,8.3.2020 10:32:00,22.3.2020 14:53:00,15.3.2020 12:42:30,54,66,68,82,75,0.00,no,NA
374,47_2020,2020.00,28.2.2020 02:09:36,12.3.2020 15:40:00,16.3.2020 14:58:00,16.3.2020 14:58:00,16.3.2020 14:58:00,59,72,76,76,76,5.00,no,NA
375,37_2020,2020.00,28.2.2020 10:19:12,10.3.2020 14:19:00,17.3.2020 11:41:00,17.3.2020 11:41:00,17.3.2020 11:41:00,59,70,77,77,77,5.00,no,NA
376,42_2020,2020.00,23.2.2020 22:26:24,15.3.2020 13:23:00,17.3.2020 11:47:00,17.3.2020 11:47:00,17.3.2020 11:47:00,54,75,77,77,77,5.00,no,NA
377,18_2020,2020.00,28.2.2020 07:30:00,5.3.2020 17:12:00,11.3.2020 17:48:00,23.3.2020 11:54:00,17.3.2020 14:51:00,59,65,71,83,77,0.00,no,NA
378,4_2020,2020.00,16.2.2020 22:58:48,20.2.2020 13:04:00,14.3.2020 14:14:00,22.3.2020 15:08:00,17.3.2020 22:58:48,47,51,74,82,77,1.00,no,NA
379,9_2020,2020.00,17.2.2020 05:23:59,1.3.2020 09:59:00,18.3.2020 15:06:00,29.3.2020 14:41:00,18.3.2020 15:06:00,48,61,78,89,78,1.00,no,NA
380,44_2020,2020.00,16.2.2020 04:04:48,15.3.2020 18:27:00,19.3.2020 08:13:00,29.3.2020 14:30:00,19.3.2020 08:13:00,47,75,79,89,79,0.00,no,NA
381,27_2020,2020.00,1.3.2020 22:21:00,8.3.2020 11:47:00,18.3.2020 10:40:00,22.3.2020 14:40:00,20.3.2020 12:40:00,61,68,78,82,80,0.00,no,NA
382,8_2020,2020.00,21.2.2020 22:04:47,27.2.2020 12:36:00,17.3.2020 08:00:00,24.3.2020 09:20:00,20.3.2020 20:40:00,52,58,77,84,80,1.00,no,NA
383,12_2020,2020.00,26.2.2020 00:00:00,1.3.2020 16:05:00,16.3.2020 16:38:00,29.3.2020 13:20:00,23.3.2020 02:59:00,57,61,76,89,83,1.00,no,NA
384,57_2020,2020.00,18.3.2020 15:35:59,24.3.2020 11:33:00,24.3.2020 11:33:00,24.3.2020 11:33:00,24.3.2020 11:33:00,78,84,84,84,84,5.00,no,NA
385,5_2020,2020.00,22.2.2020 12:03:36,23.2.2020 13:00:00,24.3.2020 13:30:00,29.3.2020 14:55:00,24.3.2020 13:30:00,53,54,84,89,84,1.00,no,NA
386,25_2020,2020.00,23.2.2020 23:13:12,7.3.2020 17:30:00,10.3.2020 07:18:00,27.4.2020 09:50:00,24.3.2020 23:13:12,54,67,70,118,84,1.00,no,NA
387,6_2020,2020.00,24.2.2020 13:34:00,24.2.2020 13:34:00,25.3.2020 10:31:00,29.3.2020 12:50:00,25.3.2020 13:34:00,55,55,85,89,85,1.00,no,NA
388,11_2020,2020.00,25.2.2020 11:02:24,1.3.2020 12:33:00,18.3.2020 14:35:00,2.4.2020 15:45:00,26.3.2020 03:10:00,56,61,78,93,86,1.00,no,NA
389,55_2020,2020.00,22.3.2020 00:00:00,23.3.2020 12:38:00,26.3.2020 12:06:00,26.3.2020 12:06:00,26.3.2020 12:06:00,82,83,86,86,86,5.00,no,NA
390,41_2020,2020.00,6.3.2020 23:42:00,12.3.2020 11:19:00,25.3.2020 11:35:00,29.3.2020 14:01:00,27.3.2020 12:48:00,66,72,85,89,87,1.00,no,NA
391,14_2020,2020.00,28.2.2020 00:00:00,3.3.2020 16:30:00,25.3.2020 10:15:00,2.4.2020 13:26:00,29.3.2020 00:00:00,59,63,85,93,89,1.00,no,NA
392,34_2020,2020.00,28.2.2020 04:40:48,9.3.2020 15:39:00,18.3.2020 14:01:00,4.6.2020 13:20:00,29.3.2020 04:40:48,59,69,78,156,89,1.00,no,NA
393,30_2020,2020.00,28.2.2020 22:48:00,8.3.2020 13:57:00,8.3.2020 13:57:00,5.5.2020 12:47:00,29.3.2020 22:48:00,59,68,68,126,89,1.00,no,NA
394,40_2020,2020.00,1.3.2020 07:37:12,12.3.2020 10:18:00,12.3.2020 10:18:00,3.5.2020 10:52:00,31.3.2020 07:37:12,61,72,72,124,91,1.00,no,NA
395,10_2020,2020.00,1.3.2020 10:35:00,1.3.2020 10:35:00,25.3.2020 11:45:00,20.4.2020 13:15:00,31.3.2020 10:35:00,61,61,85,111,91,1.00,no,NA
396,60_2020,2020.00,31.3.2020 00:00:00,31.3.2020 14:50:00,31.3.2020 14:50:00,31.3.2020 14:50:00,31.3.2020 14:50:00,91,91,91,91,91,5.00,no,NA
397,13_2020,2020.00,1.3.2020 17:07:00,1.3.2020 17:07:00,24.3.2020 11:05:00,28.4.2020 11:35:00,31.3.2020 17:07:00,61,61,84,119,91,1.00,no,NA
398,21_2020,2020.00,1.3.2020 17:13:12,7.3.2020 12:43:00,7.3.2020 12:43:00,30.4.2020 12:30:00,31.3.2020 17:13:12,61,67,67,121,91,1.00,no,NA
399,23_2020,2020.00,2.3.2020 04:33:36,7.3.2020 15:05:00,14.3.2020 16:15:00,27.4.2020 11:12:00,1.4.2020 04:33:36,62,67,74,118,92,1.00,no,NA
400,31_2020,2020.00,2.3.2020 10:26:24,9.3.2020 09:35:00,18.3.2020 15:52:00,3.5.2020 10:25:00,1.4.2020 10:26:24,62,69,78,124,92,1.00,no,NA
401,22_2020,2020.00,3.3.2020 10:44:24,7.3.2020 14:55:00,7.3.2020 14:55:00,10.5.2020 10:30:00,2.4.2020 10:44:24,63,67,67,131,93,1.00,no,NA
402,51_2020,2020.00,3.3.2020 13:19:12,22.3.2020 16:02:00,22.3.2020 16:02:00,27.4.2020 12:35:00,2.4.2020 13:19:12,63,82,82,118,93,1.00,no,NA
403,32_2020,2020.00,3.3.2020 23:42:00,9.3.2020 11:48:00,24.3.2020 12:00:00,5.5.2020 10:40:00,2.4.2020 23:42:00,63,69,84,126,93,1.00,no,NA
404,29_2020,2020.00,4.3.2020 00:00:00,8.3.2020 13:21:00,8.3.2020 13:21:00,28.4.2020 10:15:00,2.4.2020 23:48:00,64,68,68,119,93,1.00,no,NA
405,53_2020,2020.00,5.3.2020 20:06:00,23.3.2020 12:11:00,23.3.2020 12:11:00,19.5.2020 13:43:00,4.4.2020 20:06:00,65,83,83,140,95,1.00,no,NA
406,38_2020,2020.00,6.3.2020 00:00:00,10.3.2020 15:05:00,19.3.2020 07:40:00,23.4.2020 11:52:00,5.4.2020 00:00:00,66,70,79,114,96,1.00,no,NA
407,36_2020,2020.00,6.3.2020 23:21:35,10.3.2020 11:04:00,18.3.2020 13:50:00,22.4.2020 10:30:00,5.4.2020 00:10:00,66,70,78,113,96,1.00,no,NA
408,59_2020,2020.00,6.3.2020 06:32:24,26.3.2020 12:23:00,26.3.2020 12:23:00,27.4.2020 12:15:00,5.4.2020 06:32:24,66,86,86,118,96,1.00,no,NA
409,46_2020,2020.00,11.3.2020 06:43:12,16.3.2020 16:10:00,19.3.2020 08:54:00,22.4.2020 12:19:00,5.4.2020 10:36:30,71,76,79,113,96,1.00,no,NA
410,56_2020,2020.00,6.3.2020 16:19:12,24.3.2020 10:45:00,24.3.2020 10:45:00,30.4.2020 14:05:00,5.4.2020 16:19:12,66,84,84,121,96,1.00,no,NA
411,39_2020,2020.00,9.3.2020 14:55:40,10.3.2020 17:22:00,24.3.2020 10:30:00,20.4.2020 11:13:00,6.4.2020 22:51:30,69,70,84,111,97,1.00,no,NA
412,50_2020,2020.00,18.3.2020 00:00:00,22.3.2020 15:45:00,22.3.2020 15:45:00,22.4.2020 14:10:00,7.4.2020 02:57:30,78,82,82,113,98,1.00,no,NA
413,54_2020,2020.00,10.3.2020 23:13:12,23.3.2020 12:20:00,23.3.2020 12:20:00,22.4.2020 11:40:00,7.4.2020 12:00:00,70,83,83,113,98,1.00,no,NA
414,49_2020,2020.00,13.3.2020 11:02:24,18.3.2020 15:35:00,18.3.2020 15:35:00,28.4.2020 11:00:00,8.4.2020 01:17:30,73,78,78,119,99,1.00,no,NA
415,52_2020,2020.00,15.3.2020 00:43:12,22.3.2020 16:20:00,22.3.2020 16:20:00,27.4.2020 13:40:00,9.4.2020 15:00:00,75,82,82,118,100,1.00,no,NA
416,58_2020,2020.00,18.3.2020 22:04:47,24.3.2020 11:47:00,24.3.2020 11:47:00,30.4.2020 04:35:00,11.4.2020 20:11:00,78,84,84,121,102,1.00,no,NA
417,43_2020,2020.00,15.3.2020 17:50:00,15.3.2020 17:50:00,19.3.2020 08:03:00,17.5.2020 09:50:00,14.4.2020 17:50:00,75,75,79,138,105,1.00,no,NA
418,62_2020,2020.00,27.3.2020 22:04:47,2.4.2020 15:30:00,2.4.2020 15:30:00,3.5.2020 11:10:00,18.4.2020 01:20:00,87,93,93,124,109,1.00,no,NA
419,61_2020,2020.00,28.3.2020 06:43:12,2.4.2020 14:40:00,2.4.2020 14:40:00,7.5.2020 11:20:00,20.4.2020 01:00:00,88,93,93,128,111,1.00,no,NA
420,67_2020,2020.00,,22.4.2020 13:55:00,22.4.2020 13:55:00,22.4.2020 13:55:00,22.4.2020 13:55:00,,113,113,113,113,5.00,no,NA
421,64_2020,2020.00,,20.4.2020 10:59:00,20.4.2020 10:59:00,28.4.2020 11:46:00,24.4.2020 11:22:30,,111,111,119,115,0.00,no,NA
422,68_2020,2020.00,25.3.2020 23:16:48,23.4.2020 10:41:00,23.4.2020 10:41:00,28.4.2020 10:35:00,24.4.2020 23:16:48,85,114,114,119,115,0.00,no,NA
423,69_2020,2020.00,28.3.2020 03:07:12,23.4.2020 11:40:00,23.4.2020 11:40:00,24.5.2020 11:15:00,27.4.2020 03:07:12,88,114,114,145,118,1.00,no,NA
424,63_2020,2020.00,28.3.2020 08:52:48,20.4.2020 10:41:00,20.4.2020 10:41:00,5.5.2020 10:50:00,27.4.2020 08:52:48,88,111,111,126,118,1.00,no,NA
425,73_2020,2020.00,27.3.2020 19:26:24,27.4.2020 09:32:00,27.4.2020 09:32:00,30.4.2020 10:45:00,27.4.2020 09:32:00,87,118,118,121,118,1.00,no,NA
426,74_2020,2020.00,27.4.2020 00:00:00,27.4.2020 10:22:00,27.4.2020 10:22:00,27.4.2020 10:22:00,27.4.2020 10:22:00,118,118,118,118,118,1.00,no,NA
427,75_2020,2020.00,,27.4.2020 10:59:00,27.4.2020 10:59:00,27.4.2020 10:59:00,27.4.2020 10:59:00,,118,118,118,118,2.00,no,NA
428,81_2020,2020.00,28.4.2020 00:00:00,28.4.2020 11:54:00,28.4.2020 11:54:00,28.4.2020 11:54:00,28.4.2020 11:54:00,119,119,119,119,119,1.00,no,NA
429,79_2020,2020.00,,28.4.2020 09:10:00,28.4.2020 09:10:00,30.4.2020 11:20:00,29.4.2020 10:15:00,,119,119,121,120,2.00,no,NA
430,66_2020,2020.00,18.4.2020 00:00:00,22.4.2020 13:25:00,22.4.2020 13:25:00,7.5.2020 12:10:00,30.4.2020 00:47:30,109,113,113,128,121,0.00,no,NA
431,72_2020,2020.00,1.4.2020 03:07:12,27.4.2020 08:55:00,27.4.2020 08:55:00,7.5.2020 09:35:00,1.5.2020 03:07:12,92,118,118,128,122,1.00,no,NA
432,70_2020,2020.00,7.4.2020 17:27:36,23.4.2020 13:25:00,23.4.2020 13:25:00,10.5.2020 12:20:00,2.5.2020 00:52:30,98,114,114,131,123,1.00,no,NA
433,88_2020,2020.00,3.5.2020 00:00:00,3.5.2020 14:01:00,3.5.2020 14:01:00,3.5.2020 14:01:00,3.5.2020 14:01:00,124,124,124,124,124,1.00,no,NA
434,83_2020,2020.00,16.4.2020 08:20:24,3.5.2020 09:40:00,3.5.2020 09:40:00,5.5.2020 11:51:00,4.5.2020 10:45:30,107,124,124,126,125,0.00,no,NA
435,77_2020,2020.00,4.4.2020 18:36:00,27.4.2020 14:15:00,27.4.2020 14:15:00,14.5.2020 09:40:00,4.5.2020 18:36:00,95,118,118,135,125,1.00,no,NA
436,90_2020,2020.00,5.5.2020 00:00:00,5.5.2020 10:23:00,5.5.2020 10:23:00,5.5.2020 10:23:00,5.5.2020 10:23:00,126,126,126,126,126,1.00,no,NA
437,91_2020,2020.00,5.5.2020 00:00:00,5.5.2020 11:35:00,5.5.2020 11:35:00,5.5.2020 11:35:00,5.5.2020 11:35:00,126,126,126,126,126,1.00,no,NA
438,78_2020,2020.00,6.4.2020 04:37:12,27.4.2020 14:45:00,27.4.2020 14:45:00,8.6.2020 13:30:00,6.5.2020 04:37:12,97,118,118,160,127,1.00,no,NA
439,87_2020,2020.00,7.4.2020 03:07:12,3.5.2020 13:23:00,3.5.2020 13:23:00,17.5.2020 12:30:00,7.5.2020 03:07:12,98,124,124,138,128,2.00,no,NA
440,33_2020,2020.00,1.3.2020 13:22:48,9.3.2020 14:05:00,7.5.2020 10:00:00,7.5.2020 10:00:00,7.5.2020 10:00:00,61,69,128,128,128,5.00,no,NA
441,82_2020,2020.00,7.4.2020 18:36:00,30.4.2020 13:05:00,30.4.2020 13:05:00,19.5.2020 10:20:00,7.5.2020 18:36:00,98,121,121,140,128,1.00,no,NA
442,93_2020,2020.00,24.4.2020 07:01:12,7.5.2020 12:35:00,7.5.2020 12:35:00,14.5.2020 10:28:00,10.5.2020 23:31:30,115,128,128,135,131,0.00,no,NA
443,71_2020,2020.00,19.4.2020 00:00:00,23.4.2020 13:45:00,30.4.2020 12:50:00,21.5.2020 14:40:00,11.5.2020 01:45:00,110,114,121,142,132,1.00,no,NA
444,76_2020,2020.00,14.4.2020 18:21:36,27.4.2020 13:10:00,27.4.2020 13:10:00,14.6.2020 12:50:00,14.5.2020 18:21:36,105,118,118,166,135,1.00,no,NA
445,65_2020,2020.00,16.4.2020 00:00:00,20.4.2020 12:40:00,30.4.2020 13:48:00,5.7.2020 10:55:00,16.5.2020 00:00:00,107,111,121,187,137,1.00,no,NA
446,85_2020,2020.00,28.4.2020 15:21:36,3.5.2020 12:48:00,3.5.2020 12:48:00,28.5.2020 11:50:00,16.5.2020 00:19:00,119,124,124,149,137,2.00,no,NA
447,86_2020,2020.00,20.4.2020 07:01:12,3.5.2020 13:00:00,3.5.2020 13:00:00,28.5.2020 11:55:00,16.5.2020 00:27:30,111,124,124,149,137,1.00,no,NA
448,100_2020,2020.00,29.4.2020 02:09:36,12.5.2020 12:24:00,12.5.2020 12:24:00,19.5.2020 12:50:00,16.5.2020 00:37:00,120,133,133,140,137,1.00,no,NA
449,89_2020,2020.00,17.4.2020 02:52:48,3.5.2020 14:08:00,3.5.2020 14:08:00,14.6.2020 11:35:00,17.5.2020 02:52:48,108,124,124,166,138,1.00,no,NA
450,109_2020,2020.00,1.5.2020 19:04:47,17.5.2020 13:12:00,17.5.2020 13:12:00,17.5.2020 13:12:00,17.5.2020 13:12:00,122,138,138,138,138,5.00,no,NA
451,103_2020,2020.00,27.4.2020 05:49:12,14.5.2020 10:10:00,14.5.2020 10:10:00,21.5.2020 09:58:00,17.5.2020 22:04:00,118,135,135,142,138,1.00,no,NA
452,110_2020,2020.00,19.4.2020 00:00:00,17.5.2020 14:30:00,17.5.2020 14:30:00,21.5.2020 12:25:00,19.5.2020 00:00:00,110,138,138,142,140,1.00,no,NA
453,94_2020,2020.00,3.5.2020 00:00:00,7.5.2020 13:00:00,7.5.2020 13:00:00,31.5.2020 15:00:00,19.5.2020 14:00:00,124,128,128,152,140,1.00,no,NA
454,24_2020,2020.00,18.2.2020 03:53:59,7.3.2020 16:10:00,19.5.2020 14:10:00,19.5.2020 14:10:00,19.5.2020 14:10:00,49,67,140,140,140,5.00,no,NA
455,106_2020,2020.00,,17.5.2020 10:30:00,17.5.2020 10:30:00,24.5.2020 11:05:00,20.5.2020 22:47:30,,138,138,145,141,0.00,no,NA
456,80_2020,2020.00,23.4.2020 06:10:48,28.4.2020 09:49:00,28.4.2020 09:49:00,14.6.2020 08:35:00,21.5.2020 21:12:00,114,119,119,166,142,1.00,no,NA
457,99_2020,2020.00,27.4.2020 15:36:00,12.5.2020 11:50:00,12.5.2020 11:50:00,3.6.2020 13:05:00,23.5.2020 12:27:30,118,133,133,155,144,1.00,no,NA
458,112_2020,2020.00,15.5.2020 00:00:00,19.5.2020 11:30:00,19.5.2020 11:30:00,31.5.2020 09:20:00,25.5.2020 10:25:00,136,140,140,152,146,2.00,no,NA
459,104_2020,2020.00,28.4.2020 12:36:00,14.5.2020 10:40:00,14.5.2020 10:40:00,11.6.2020 12:20:00,28.5.2020 11:30:00,119,135,135,163,149,1.00,no,NA
460,84_2020,2020.00,29.4.2020 00:00:00,3.5.2020 12:32:00,3.5.2020 12:32:00,30.6.2020 14:40:00,29.5.2020 00:00:00,120,124,124,182,150,1.00,no,NA
461,114_2020,2020.00,21.5.2020 00:00:00,21.5.2020 10:20:00,21.5.2020 10:20:00,8.6.2020 13:00:00,30.5.2020 11:40:00,142,142,142,160,151,0.00,no,NA
462,102_2020,2020.00,29.4.2020 06:28:48,12.5.2020 14:40:00,31.5.2020 12:25:00,25.6.2020 12:00:00,31.5.2020 12:25:00,120,133,152,177,152,1.00,no,NA
463,101_2020,2020.00,1.5.2020 01:08:24,12.5.2020 13:50:00,31.5.2020 13:10:00,17.6.2020 08:48:00,31.5.2020 13:10:00,122,133,152,169,152,1.00,no,NA
464,116_2020,2020.00,28.5.2020 00:00:00,28.5.2020 11:20:00,28.5.2020 11:20:00,4.6.2020 11:05:00,31.5.2020 23:12:30,149,149,149,156,152,0.00,no,NA
465,95_2020,2020.00,9.5.2020 11:02:24,14.5.2020 11:13:00,14.5.2020 11:13:00,24.6.2020 12:53:00,4.6.2020 00:03:00,130,135,135,176,156,1.00,no,NA
466,92_2020,2020.00,5.5.2020 12:25:00,5.5.2020 12:25:00,1.6.2020 09:24:00,10.6.2020 13:00:00,4.6.2020 12:25:00,126,126,153,162,156,1.00,no,NA
467,121_2020,2020.00,4.6.2020 00:00:00,4.6.2020 12:48:00,4.6.2020 12:48:00,4.6.2020 12:48:00,4.6.2020 12:48:00,156,156,156,156,156,5.00,no,NA
468,98_2020,2020.00,7.5.2020 11:02:24,12.5.2020 11:01:00,31.5.2020 09:10:00,10.6.2020 09:22:00,5.6.2020 09:16:00,128,133,152,162,157,1.00,no,NA
469,96_2020,2020.00,10.5.2020 10:47:00,10.5.2020 10:47:00,1.6.2020 08:54:00,10.6.2020 08:25:00,5.6.2020 20:39:30,131,131,153,162,157,1.00,no,NA
470,97_2020,2020.00,7.5.2020 17:31:12,12.5.2020 10:35:00,1.6.2020 09:10:00,24.6.2020 08:35:00,6.6.2020 17:31:12,128,133,153,176,158,1.00,no,NA
471,115_2020,2020.00,16.5.2020 17:31:12,21.5.2020 11:50:00,31.5.2020 14:28:00,18.6.2020 10:10:00,9.6.2020 12:19:00,137,142,152,170,161,1.00,no,NA
472,129_2020,2020.00,28.5.2020 23:13:12,10.6.2020 12:35:00,10.6.2020 12:35:00,10.6.2020 12:35:00,10.6.2020 12:35:00,149,162,162,162,162,5.00,no,NA
473,123_2020,2020.00,7.6.2020 00:00:00,7.6.2020 11:25:00,7.6.2020 11:25:00,15.6.2020 11:00:00,11.6.2020 11:12:30,159,159,159,167,163,2.00,no,NA
474,128_2020,2020.00,15.5.2020 00:00:00,10.6.2020 12:05:00,11.6.2020 11:30:00,14.6.2020 08:00:00,12.6.2020 21:45:00,136,162,163,166,164,1.00,no,NA
475,113_2020,2020.00,16.5.2020 06:43:12,21.5.2020 10:05:00,8.6.2020 12:30:00,17.6.2020 09:44:00,12.6.2020 23:07:00,137,142,160,169,164,1.00,no,NA
476,105_2020,2020.00,14.5.2020 04:33:36,14.5.2020 13:02:00,10.6.2020 09:39:00,22.6.2020 09:20:00,13.6.2020 04:33:36,135,135,162,174,165,1.00,no,NA
477,111_2020,2020.00,14.5.2020 15:21:36,19.5.2020 10:48:00,24.5.2020 10:14:00,9.7.2020 08:14:00,13.6.2020 15:21:36,135,140,145,191,165,1.00,no,NA
478,107_2020,2020.00,15.5.2020 00:00:00,17.5.2020 11:15:00,11.6.2020 10:08:00,22.6.2020 10:40:00,14.6.2020 00:00:00,136,138,163,174,166,1.00,no,NA
479,117_2020,2020.00,14.5.2020 08:52:48,28.5.2020 11:39:00,14.6.2020 10:07:00,30.6.2020 14:50:00,14.6.2020 10:07:00,135,149,166,182,166,1.00,no,NA
480,108_2020,2020.00,25.4.2020 00:00:00,17.5.2020 13:00:00,14.6.2020 11:20:00,14.6.2020 11:20:00,14.6.2020 11:20:00,116,138,166,166,166,5.00,no,NA
481,118_2020,2020.00,22.5.2020 00:07:12,31.5.2020 09:49:00,31.5.2020 09:49:00,2.7.2020 10:20:00,16.6.2020 10:04:30,143,152,152,184,168,1.00,no,NA
482,133_2020,2020.00,29.5.2020 02:09:36,11.6.2020 13:30:00,11.6.2020 13:30:00,24.6.2020 11:44:00,18.6.2020 00:37:00,150,163,163,176,170,1.00,no,NA
483,125_2020,2020.00,23.5.2020 02:52:48,8.6.2020 13:47:00,15.6.2020 12:25:00,21.6.2020 12:20:00,18.6.2020 12:22:30,144,160,167,173,170,1.00,no,NA
484,122_2020,2020.00,30.5.2020 15:21:36,4.6.2020 13:48:00,4.6.2020 13:48:00,7.7.2020 10:50:00,21.6.2020 00:19:00,151,156,156,189,173,1.00,no,NA
485,131_2020,2020.00,27.5.2020 09:07:12,11.6.2020 11:10:00,15.6.2020 10:07:00,28.6.2020 13:30:00,21.6.2020 23:48:30,148,163,167,180,173,1.00,no,NA
486,134_2020,2020.00,31.5.2020 00:00:00,14.6.2020 10:40:00,14.6.2020 10:40:00,30.6.2020 15:10:00,22.6.2020 12:55:00,152,166,166,182,174,1.00,no,NA
487,127_2020,2020.00,24.5.2020 01:33:36,8.6.2020 14:40:00,8.6.2020 14:40:00,7.7.2020 10:10:00,23.6.2020 00:25:00,145,160,160,189,175,1.00,no,NA
488,124_2020,2020.00,26.5.2020 11:52:48,8.6.2020 12:44:00,8.6.2020 12:44:00,7.7.2020 13:14:00,23.6.2020 00:59:00,147,160,160,189,175,1.00,no,NA
489,132_2020,2020.00,26.5.2020 03:07:12,11.6.2020 12:50:00,21.6.2020 11:27:00,7.7.2020 12:40:00,25.6.2020 03:07:12,147,163,173,189,177,1.00,no,NA
490,126_2020,2020.00,26.5.2020 21:36:00,8.6.2020 14:00:00,21.6.2020 11:40:00,2.7.2020 11:40:00,25.6.2020 21:36:00,147,160,173,184,177,1.00,no,NA
491,130_2020,2020.00,11.6.2020 00:00:00,11.6.2020 10:40:00,15.6.2020 09:25:00,26.6.2020 03:47:14,26.6.2020 03:47:14,163,163,167,178,178,0.00,yes,29.785
492,119_2020,2020.00,27.5.2020 00:00:00,31.5.2020 11:15:00,28.6.2020 12:20:00,26.6.2020 23:36:25,26.6.2020 23:36:25,148,152,180,178,178,0.00,yes,31.825
493,136_2020,2020.00,17.6.2020 00:00:00,21.6.2020 10:28:00,21.6.2020 10:28:00,7.7.2020 13:53:00,29.6.2020 12:10:30,169,173,173,189,181,2.00,no,NA
494,137_2020,2020.00,5.6.2020 02:52:48,21.6.2020 12:50:00,24.6.2020 11:30:00,7.7.2020 11:40:00,30.6.2020 23:35:00,157,173,176,189,182,1.00,no,NA
495,135_2020,2020.00,15.6.2020 13:10:00,15.6.2020 13:10:00,21.6.2020 11:13:00,19.7.2020 10:10:00,5.7.2020 10:41:30,167,167,173,201,187,1.00,no,NA
496,138_2020,2020.00,28.6.2020 00:00:00,28.6.2020 11:24:00,28.6.2020 11:24:00,6.7.2020 04:51:40,6.7.2020 04:51:40,180,180,180,188,188,0.00,yes,24.82
497,140_2020,2020.00,23.6.2020 10:33:36,5.7.2020 12:30:00,5.7.2020 12:30:00,14.7.2020 12:49:00,10.7.2020 00:39:30,175,187,187,196,192,2.00,no,NA
498,141_2020,2020.00,29.6.2020 23:42:00,7.7.2020 10:30:00,7.7.2020 10:30:00,14.7.2020 11:30:00,10.7.2020 23:00:00,181,189,189,196,192,1.00,no,NA
499,139_2020,2020.00,23.6.2020 06:43:12,28.6.2020 14:05:00,28.6.2020 14:05:00,28.7.2020 14:15:00,13.7.2020 14:10:00,175,180,180,210,195,1.00,no,NA
